-- phpMyAdmin SQL Dump
-- version 5.2.1
-- https://www.phpmyadmin.net/
--
-- Host: 127.0.0.1
-- Generation Time: Oct 14, 2025 at 07:45 AM
-- Server version: 10.4.32-MariaDB
-- PHP Version: 8.2.12

SET SQL_MODE = "NO_AUTO_VALUE_ON_ZERO";
START TRANSACTION;
SET time_zone = "+00:00";


/*!40101 SET @OLD_CHARACTER_SET_CLIENT=@@CHARACTER_SET_CLIENT */;
/*!40101 SET @OLD_CHARACTER_SET_RESULTS=@@CHARACTER_SET_RESULTS */;
/*!40101 SET @OLD_COLLATION_CONNECTION=@@COLLATION_CONNECTION */;
/*!40101 SET NAMES utf8mb4 */;

--
-- Database: `cemo_db`
--

-- --------------------------------------------------------

--
-- Table structure for table `admin_notifications`
--

CREATE TABLE `admin_notifications` (
  `id` int(11) NOT NULL,
  `title` varchar(225) NOT NULL,
  `notification_type` varchar(50) NOT NULL,
  `message` text NOT NULL,
  `client_id` int(11) DEFAULT NULL,
  `request_id` varchar(20) DEFAULT NULL,
  `is_read` tinyint(1) DEFAULT 0,
  `created_at` datetime DEFAULT current_timestamp()
) ENGINE=InnoDB DEFAULT CHARSET=utf8mb4 COLLATE=utf8mb4_unicode_ci;

--
-- Dumping data for table `admin_notifications`
--

INSERT INTO `admin_notifications` (`id`, `title`, `notification_type`, `message`, `client_id`, `request_id`, `is_read`, `created_at`) VALUES
(33, 'New Service Request', 'new_request', 'New service request from Gina Aliguin for Grass-Cutting on 2025-08-11', NULL, NULL, 1, '2025-08-10 00:57:13'),
(34, 'New Service Request', 'new_request', 'New service request from Gina Aliguin for Garbage Collection on 2025-08-20 at 10:00', NULL, NULL, 1, '2025-08-10 01:09:44'),
(35, 'New Service Request', 'new_request', 'New service request from Gina Aliguin for Drainage Maintenance on 2025-08-11 at 13:00', NULL, NULL, 1, '2025-08-10 14:53:46'),
(36, 'New Service Request', 'new_request', 'New service request from test test for Street Cleaning on 2025-08-20 at 14:00', NULL, NULL, 1, '2025-08-11 12:58:27'),
(37, 'New Service Request', 'new_request', 'New service request from Gina Aliguin for Drainage Maintenance on 2025-08-15 at 14:00', NULL, NULL, 1, '2025-08-11 12:59:45'),
(38, 'New Service Request', 'new_request', 'New service request from test test for Drainage Maintenance on 2025-08-18 at 10:00', NULL, NULL, 1, '2025-08-18 06:52:04'),
(39, 'New Service Request', 'new_request', 'New service request from test test for Pruning of Trees on 2025-08-29 at 14:00', NULL, NULL, 1, '2025-08-19 00:50:55'),
(40, 'New Service Request', 'new_request', 'New service request from Gina Aliguin for Grass-Cutting on 2025-10-14 at 08:00', NULL, NULL, 1, '2025-10-01 11:41:42'),
(41, 'New Service Request', 'new_request', 'New service request from Gina Aliguin for Cutting of Trees on 2025-10-03 at 11:00', NULL, NULL, 1, '2025-10-01 11:47:13');

-- --------------------------------------------------------

--
-- Table structure for table `admin_table`
--

CREATE TABLE `admin_table` (
  `admin_id` int(11) NOT NULL,
  `user_role` varchar(225) NOT NULL,
  `first_name` varchar(225) NOT NULL,
  `last_name` varchar(225) NOT NULL,
  `email` varchar(225) NOT NULL,
  `gender` varchar(225) NOT NULL,
  `address` varchar(225) NOT NULL,
  `birth_date` date NOT NULL,
  `contact` varchar(225) NOT NULL,
  `reset_token` varchar(225) NOT NULL,
  `password` varchar(225) NOT NULL
) ENGINE=InnoDB DEFAULT CHARSET=utf8mb4 COLLATE=utf8mb4_general_ci;

--
-- Dumping data for table `admin_table`
--

INSERT INTO `admin_table` (`admin_id`, `user_role`, `first_name`, `last_name`, `email`, `gender`, `address`, `birth_date`, `contact`, `reset_token`, `password`) VALUES
(1, 'Admin', 'Jack', 'Great', 'jack@gmail.com', 'Male', 'Pacol', '2003-09-27', '09123456789', '', '$2y$10$srxMYQBpVeF5BpuTRAjNyOD6B8MMeBLzLdVAP0icOpphxpMsN0zLK'),
(3, 'Staff', 'Jack', 'Narvaez', 'jake@gmail.com', '', 'Napoles', '0000-00-00', '00000000000', '', '$2y$10$F5J.3u8WH8xgw/CweBzYQuRpAPK9s8Jv/D/brSEUBX5FxnQFKB5.q');

-- --------------------------------------------------------

--
-- Table structure for table `barangays_table`
--

CREATE TABLE `barangays_table` (
  `brgy_id` int(24) NOT NULL,
  `barangay` varchar(225) NOT NULL,
  `latitude` double NOT NULL,
  `longitude` double NOT NULL,
  `city` varchar(225) NOT NULL,
  `facebook_link` varchar(225) NOT NULL,
  `link_text` varchar(225) NOT NULL,
  `schedule_id` int(225) NOT NULL
) ENGINE=InnoDB DEFAULT CHARSET=utf8mb4 COLLATE=utf8mb4_general_ci;

--
-- Dumping data for table `barangays_table`
--

INSERT INTO `barangays_table` (`brgy_id`, `barangay`, `latitude`, `longitude`, `city`, `facebook_link`, `link_text`, `schedule_id`) VALUES
(1, 'Abuanan', 10.525313, 122.992415, 'Bago City', 'https://www.google.com/', 'test', 0),
(2, 'Alianza', 10.47393, 122.92993, 'Bago City', '', '', 0),
(3, 'Atipuluan', 10.51083, 122.95626, 'Bago City', '', '', 0),
(4, 'Bacong-Montilla', 10.51895, 123.03452, 'Bago City', '', '', 0),
(5, 'Bagroy', 10.47718, 122.87212, 'Bago City', '', '', 0),
(6, 'Balingasag', 10.53161, 122.84595, 'Bago City', '', '', 0),
(7, 'Binubuhan', 10.45755, 123.00718, 'Bago City', '', '', 0),
(8, 'Busay', 10.53718, 122.88822, 'Bago City', '', '', 0),
(9, 'Calumangan', 10.56009, 122.8768, 'Bago City', '', '', 0),
(10, 'Caridad', 10.48198, 122.90567, 'Bago City', '', '', 0),
(11, 'Don Jorge L. Araneta', 10.47642, 122.94615, 'Bago City', '', '', 0),
(12, 'Dulao', 10.54916, 122.95165, 'Bago City', '', '', 0),
(13, 'Ilijan', 10.453, 123.05486, 'Bago City', '', '', 0),
(14, 'Lag-Asan', 10.53006, 122.838575, 'Bago City', '', '', 0),
(15, 'Ma-ao', 10.49019, 122.99165, 'Bago City', '', '', 0),
(16, 'Mailum', 10.46211, 123.0492, 'Bago City', '', '', 0),
(17, 'Malingin', 10.49395, 122.91783, 'Bago City', 'https://www.facebook.com/BrgyMalingin', 'Brgy Malingin Official', 0),
(18, 'Napoles', 10.51267, 122.89781, 'Bago City', '', '', 0),
(19, 'Pacol', 10.49507, 122.86697, 'Bago City', 'https://www.facebook.com/SKPacol', 'SK Brgy. Pacol', 0),
(20, 'Poblacion', 10.54115, 122.83539, 'Bago City', '', '', 0),
(21, 'Sagasa', 10.46983, 122.89283, 'Bago City', '', '', 0),
(22, 'Tabunan', 10.57625, 122.93727, 'Bago City', '', '', 0),
(23, 'Taloc', 10.5873, 122.90942, 'Bago City', '', '', 0),
(24, 'Sampinit', 10.54426, 122.85341, 'Bago City', '', '', 0),
(25, 'Sum ag', 10.607152, 122.921364, 'Bago City', '', '', 0),
(26, 'Sum ag2', 10.606997, 122.921277, 'Bago City', '', '', 0),
(27, 'cb2/office', 10.530443, 122.842643, 'Bago City', '', '', 0),
(28, 'cb5', 10.530531, 122.842419, 'Bago City', '', '', 0);

-- --------------------------------------------------------

--
-- Table structure for table `client_notifications`
--

CREATE TABLE `client_notifications` (
  `id` int(11) NOT NULL,
  `client_id` int(11) NOT NULL,
  `title` varchar(225) NOT NULL,
  `notification_type` varchar(50) NOT NULL,
  `message` text NOT NULL,
  `request_id` varchar(20) DEFAULT NULL,
  `is_read` tinyint(1) DEFAULT 0,
  `created_at` datetime DEFAULT current_timestamp()
) ENGINE=InnoDB DEFAULT CHARSET=utf8mb4 COLLATE=utf8mb4_unicode_ci;

--
-- Dumping data for table `client_notifications`
--

INSERT INTO `client_notifications` (`id`, `client_id`, `title`, `notification_type`, `message`, `request_id`, `is_read`, `created_at`) VALUES
(1, 9, '', 'Request Approved', 'Your request for Garbage Collection has been approved and scheduled for 2025-08-08.', 'REQ20250806185345', 1, '2025-08-07 00:55:17'),
(2, 9, '', 'Request Rejected', 'Your request for Grass-Cutting has been rejected. Reason: ', 'REQ20250806191500', 1, '2025-08-07 01:15:12'),
(3, 11, '', 'Request Approved', 'Your request for Pruning of Trees has been approved and scheduled for 2025-08-11.', 'REQ20250807191502', 1, '2025-08-08 01:15:35'),
(4, 9, '', 'Request Rejected', 'Your request for Drainage Maintenance has been rejected. Reason: ', 'REQ20250806184756', 1, '2025-08-08 15:54:39'),
(5, 9, '', 'Request Rejected', 'Your request for Grass-Cutting has been rejected. Reason: ', 'REQ20250806184130', 1, '2025-08-09 04:43:49'),
(6, 11, '', 'Request Approved', 'Your request for pala utot has been approved and scheduled for 2025-08-20.', 'REQ20250808224957', 1, '2025-08-09 04:50:14'),
(7, 11, '', 'Request Approved', 'Your request for Garbage Collection has been approved and scheduled for 2025-08-20.', 'REQ20250809190944', 1, '2025-08-10 01:10:09'),
(8, 11, '', 'Request Approved', 'Your request for Grass-Cutting has been approved and scheduled for 2025-08-11.', 'REQ20250809185713', 1, '2025-08-10 14:50:32'),
(11, 9, '', 'Request Approved', 'Your request for Pruning of Trees has been approved and scheduled for 2025-08-29.', 'REQ20250818185055', 0, '2025-08-19 00:51:54'),
(12, 11, '', 'Request Approved', 'Your request for Cutting of Trees has been approved and scheduled for 2025-10-03.', 'REQ20251001054713', 1, '2025-10-01 11:48:07');

-- --------------------------------------------------------

--
-- Table structure for table `client_requests`
--

CREATE TABLE `client_requests` (
  `id` int(11) NOT NULL,
  `request_id` varchar(20) NOT NULL,
  `client_id` int(11) NOT NULL,
  `client_name` varchar(255) NOT NULL,
  `client_email` varchar(255) NOT NULL,
  `client_contact` varchar(20) NOT NULL,
  `client_barangay` varchar(255) NOT NULL,
  `request_date` date NOT NULL,
  `request_time` time NOT NULL,
  `request_details` varchar(255) NOT NULL,
  `request_description` text DEFAULT NULL,
  `title` varchar(225) NOT NULL,
  `status` enum('pending','approved','rejected','completed') DEFAULT 'pending',
  `admin_notes` text DEFAULT NULL,
  `submitted_at` datetime DEFAULT current_timestamp(),
  `updated_at` datetime DEFAULT current_timestamp() ON UPDATE current_timestamp(),
  `request_type` varchar(100) NOT NULL,
  `preferred_date` date DEFAULT NULL,
  `created_at` datetime DEFAULT current_timestamp()
) ENGINE=InnoDB DEFAULT CHARSET=utf8mb4 COLLATE=utf8mb4_unicode_ci;

--
-- Dumping data for table `client_requests`
--

INSERT INTO `client_requests` (`id`, `request_id`, `client_id`, `client_name`, `client_email`, `client_contact`, `client_barangay`, `request_date`, `request_time`, `request_details`, `request_description`, `title`, `status`, `admin_notes`, `submitted_at`, `updated_at`, `request_type`, `preferred_date`, `created_at`) VALUES
(1, 'REQ20250806183911', 9, 'test test', 'test@gmail.com', '09123456784', 'Pacol', '2025-08-08', '00:00:00', 'Garbage Collection', '2222', '', 'pending', NULL, '2025-08-07 00:39:11', '2025-08-07 00:39:11', 'Garbage Collection', NULL, '2025-08-07 00:39:11'),
(2, 'REQ20250806184130', 9, 'test test', 'test@gmail.com', '09123456784', 'Pacol', '2025-08-20', '00:00:00', 'Grass-Cutting', '123133', '', 'rejected', '', '2025-08-07 00:41:30', '2025-08-09 04:43:49', 'Grass-Cutting', NULL, '2025-08-07 00:41:30'),
(3, 'REQ20250806184756', 9, 'test test', 'test@gmail.com', '09123456784', 'Pacol', '2025-08-20', '00:00:00', 'Drainage Maintenance', '11111', '', 'rejected', '', '2025-08-07 00:47:56', '2025-08-08 15:54:39', 'Drainage Maintenance', NULL, '2025-08-07 00:47:56'),
(4, 'REQ20250806185345', 9, 'test test', 'test@gmail.com', '09123456784', 'Pacol', '2025-08-08', '00:00:00', 'Garbage Collection', '33333', '', 'completed', '', '2025-08-07 00:53:45', '2025-08-19 01:18:17', 'Garbage Collection', NULL, '2025-08-07 00:53:45'),
(5, 'REQ20250806191500', 9, 'test test', 'test@gmail.com', '09123456784', 'Pacol', '2025-08-18', '00:00:00', 'Grass-Cutting', '', '', 'rejected', '', '2025-08-07 01:15:00', '2025-08-07 01:15:12', 'Grass-Cutting', NULL, '2025-08-07 01:15:00'),
(6, 'REQ20250807191502', 11, 'Gina Aliguin', 'gina@gmail.com', '09090909090', 'cb2/office', '2025-08-11', '00:00:00', 'Pruning of Trees', 'balabal', '', 'completed', 'oki', '2025-08-08 01:15:02', '2025-08-19 01:18:17', 'Pruning of Trees', NULL, '2025-08-08 01:15:02'),
(7, 'REQ20250808224957', 11, 'Gina Aliguin', 'gina@gmail.com', '09090909090', 'cb2/office', '2025-08-20', '00:00:00', 'pala utot', 'ka', '', 'completed', 'bago bule', '2025-08-09 04:49:57', '2025-08-21 23:25:58', 'Other', NULL, '2025-08-09 04:49:57'),
(8, 'REQ20250809185713', 11, 'Gina Aliguin', 'gina@gmail.com', '09090909090', 'cb2/office', '2025-08-11', '00:00:00', 'Grass-Cutting', 'need daspan', '', 'completed', '', '2025-08-10 00:57:13', '2025-08-19 01:18:17', 'Grass-Cutting', NULL, '2025-08-10 00:57:13'),
(9, 'REQ20250809190944', 11, 'Gina Aliguin', 'gina@gmail.com', '09090909090', 'cb2/office', '2025-08-20', '10:00:00', 'Garbage Collection', '1312313', '', 'completed', 'OKI DOKI', '2025-08-10 01:09:44', '2025-08-21 23:25:58', 'Garbage Collection', NULL, '2025-08-10 01:09:44'),
(10, 'REQ20250810085346', 11, 'Gina Aliguin', 'gina@gmail.com', '09090909090', 'cb2/office', '2025-08-11', '13:00:00', 'Drainage Maintenance', '123123', '', 'completed', 'done', '2025-08-10 14:53:46', '2025-08-19 01:18:17', 'Drainage Maintenance', NULL, '2025-08-10 14:53:46'),
(11, 'REQ20250811065827', 9, 'test test', 'test@gmail.com', '09123456784', 'cb5', '2025-08-20', '14:00:00', 'Street Cleaning', '123131', '', 'pending', NULL, '2025-08-11 12:58:27', '2025-08-11 12:58:27', 'Street Cleaning', NULL, '2025-08-11 12:58:27'),
(13, 'REQ20250818005204', 9, 'test test', 'test@gmail.com', '09123456784', 'cb5', '2025-08-18', '10:00:00', 'Drainage Maintenance', '123123', '', 'pending', NULL, '2025-08-18 06:52:04', '2025-08-18 06:52:04', 'Drainage Maintenance', NULL, '2025-08-18 06:52:04'),
(14, 'REQ20250818185055', 9, 'test test', 'test@gmail.com', '09123456784', 'cb5', '2025-08-29', '14:00:00', 'Pruning of Trees', 'praning kaba?', '', 'completed', 'no boyy', '2025-08-19 00:50:55', '2025-09-10 16:17:41', 'Pruning of Trees', NULL, '2025-08-19 00:50:55'),
(15, 'REQ20251001054142', 11, 'Gina Aliguin', 'gina@gmail.com', '09090909090', 'cb2/office', '2025-10-14', '08:00:00', 'Grass-Cutting', '', '', 'approved', '', '2025-10-01 11:41:42', '2025-10-01 11:54:36', 'Grass-Cutting', NULL, '2025-10-01 11:41:42');

-- --------------------------------------------------------

--
-- Table structure for table `client_table`
--

CREATE TABLE `client_table` (
  `client_id` int(225) NOT NULL,
  `first_name` varchar(225) NOT NULL,
  `last_name` varchar(225) NOT NULL,
  `contact` varchar(11) NOT NULL,
  `email` varchar(225) NOT NULL,
  `barangay` varchar(225) NOT NULL,
  `password` varchar(225) NOT NULL
) ENGINE=InnoDB DEFAULT CHARSET=utf8mb4 COLLATE=utf8mb4_general_ci;

--
-- Dumping data for table `client_table`
--

INSERT INTO `client_table` (`client_id`, `first_name`, `last_name`, `contact`, `email`, `barangay`, `password`) VALUES
(2, 'Joshua', 'Elgario', '09123123123', 'jack@gmail.com', 'Alianza', '$2y$10$9ytvFSOUOOLQRrrKBcXs3Occ3FWW.0XBy9mxYhHh8jfYakLeldLfS'),
(9, 'test', 'test', '09123456784', 'test@gmail.com', 'cb5', '$2y$10$.g86SZ1A4pYzSIn2bXFH2e45Q1Lnrsxvv95GeBrr51Xb78jHMSYq6'),
(10, 'asda', 'asdasd', '01239913912', 'asdasd@asdasdsa', 'Malingin', '$2y$10$joJ1Ar4Vbp1Dq3.ALfM4rebAB.zk3fJB/C6iJnGCKMK5lAVM3VjxO'),
(11, 'Gina', 'Aliguin', '09090909090', 'gina@gmail.com', 'cb2/office', '$2y$10$q7Khii9W9ftymY5/dbhVPu3YN7/Pklx7sBwnsNdsDKQ5Y9tdHfcC2');

-- --------------------------------------------------------

--
-- Table structure for table `driver_table`
--

CREATE TABLE `driver_table` (
  `driver_id` int(6) NOT NULL,
  `first_name` varchar(225) NOT NULL,
  `last_name` varchar(225) NOT NULL,
  `address` varchar(225) NOT NULL,
  `contact` varchar(11) NOT NULL,
  `age` int(225) NOT NULL,
  `gender` varchar(225) NOT NULL,
  `password` varchar(225) NOT NULL,
  `location_id` int(225) NOT NULL,
  `license_no` varchar(16) NOT NULL
) ENGINE=InnoDB DEFAULT CHARSET=utf8mb4 COLLATE=utf8mb4_general_ci;

--
-- Dumping data for table `driver_table`
--

INSERT INTO `driver_table` (`driver_id`, `first_name`, `last_name`, `address`, `contact`, `age`, `gender`, `password`, `location_id`, `license_no`) VALUES
(1, 'Angel', 'Adlaon', 'Malingin', '11111111111', 30, 'Male', 'ren123', 1, 'MNL ID 1234');

-- --------------------------------------------------------

--
-- Table structure for table `dumpsite_table`
--

CREATE TABLE `dumpsite_table` (
  `dump_id` int(11) NOT NULL,
  `dumpsite_capacity` varchar(225) NOT NULL
) ENGINE=InnoDB DEFAULT CHARSET=utf8mb4 COLLATE=utf8mb4_general_ci;

-- --------------------------------------------------------

--
-- Table structure for table `gps_location`
--

CREATE TABLE `gps_location` (
  `location_id` int(11) NOT NULL,
  `latitude` double NOT NULL,
  `longitude` double NOT NULL,
  `timestamp` datetime NOT NULL
) ENGINE=InnoDB DEFAULT CHARSET=utf8mb4 COLLATE=utf8mb4_general_ci;

--
-- Dumping data for table `gps_location`
--

INSERT INTO `gps_location` (`location_id`, `latitude`, `longitude`, `timestamp`) VALUES
(1, 10.530531, 122.842456, '2025-08-06 20:57:15'),
(1754767868, 10.607093, 122.921295, '2025-08-10 03:31:08'),
(1754767871, 10.607087, 122.921302, '2025-08-10 03:31:11'),
(1754767874, 10.60708, 122.92131, '2025-08-10 03:31:14'),
(1754767877, 10.607068, 122.921318, '2025-08-10 03:31:17'),
(1754767880, 10.607059, 122.921318, '2025-08-10 03:31:20'),
(1754767883, 10.607054, 122.921325, '2025-08-10 03:31:23'),
(1754767886, 10.607052, 122.921325, '2025-08-10 03:31:26'),
(1754767889, 10.60706, 122.921325, '2025-08-10 03:31:29'),
(1754767892, 10.607028, 122.921333, '2025-08-10 03:31:32'),
(1754767895, 10.607019, 122.92134, '2025-08-10 03:31:35'),
(1754767898, 10.607012, 122.921348, '2025-08-10 03:31:38'),
(1754767901, 10.607018, 122.92134, '2025-08-10 03:31:41'),
(1754767904, 10.607028, 122.921348, '2025-08-10 03:31:44'),
(1754767907, 10.607023, 122.921348, '2025-08-10 03:31:47'),
(1754767910, 10.60704, 122.921348, '2025-08-10 03:31:50'),
(1754767913, 10.607047, 122.921348, '2025-08-10 03:31:53'),
(1754767916, 10.607048, 122.921348, '2025-08-10 03:31:56'),
(1754767919, 10.607053, 122.921348, '2025-08-10 03:31:59'),
(1754768019, 10.607134, 122.921356, '2025-08-10 03:33:39'),
(1754768021, 10.607138, 122.921348, '2025-08-10 03:33:41'),
(1754768024, 10.607153, 122.921348, '2025-08-10 03:33:44'),
(1754768027, 10.607158, 122.921348, '2025-08-10 03:33:47'),
(1754768030, 10.607158, 122.921348, '2025-08-10 03:33:50'),
(1754768033, 10.607158, 122.921348, '2025-08-10 03:33:53'),
(1754768036, 10.607166, 122.921348, '2025-08-10 03:33:56'),
(1754768039, 10.607159, 122.92134, '2025-08-10 03:33:59'),
(1754768042, 10.607138, 122.921348, '2025-08-10 03:34:02'),
(1754768045, 10.607116, 122.921356, '2025-08-10 03:34:05'),
(1754768048, 10.607091, 122.921356, '2025-08-10 03:34:08'),
(1754768051, 10.607083, 122.921356, '2025-08-10 03:34:11'),
(1754768054, 10.607077, 122.921356, '2025-08-10 03:34:14'),
(1754768057, 10.607087, 122.921348, '2025-08-10 03:34:17'),
(1754768060, 10.607089, 122.921348, '2025-08-10 03:34:20'),
(1754768063, 10.607082, 122.921348, '2025-08-10 03:34:23'),
(1754768066, 10.607085, 122.92134, '2025-08-10 03:34:26'),
(1754768069, 10.607086, 122.921333, '2025-08-10 03:34:29'),
(1754768072, 10.60708, 122.921333, '2025-08-10 03:34:32'),
(1754768075, 10.607079, 122.921333, '2025-08-10 03:34:35'),
(1754768078, 10.607087, 122.92134, '2025-08-10 03:34:38'),
(1754768081, 10.607079, 122.921348, '2025-08-10 03:34:41'),
(1754768084, 10.607069, 122.921348, '2025-08-10 03:34:44'),
(1754768087, 10.607083, 122.92134, '2025-08-10 03:34:47'),
(1754768090, 10.607061, 122.921356, '2025-08-10 03:34:50'),
(1754768093, 10.607067, 122.921356, '2025-08-10 03:34:53'),
(1754768096, 10.607077, 122.921356, '2025-08-10 03:34:56'),
(1754768099, 10.607087, 122.921356, '2025-08-10 03:34:59'),
(1754768102, 10.607098, 122.921348, '2025-08-10 03:35:02'),
(1754768105, 10.6071, 122.921348, '2025-08-10 03:35:05'),
(1754768108, 10.60711, 122.921348, '2025-08-10 03:35:08'),
(1754768111, 10.607105, 122.921348, '2025-08-10 03:35:11'),
(1754768114, 10.607106, 122.92134, '2025-08-10 03:35:14'),
(1754768117, 10.607103, 122.92134, '2025-08-10 03:35:17'),
(1754768120, 10.607104, 122.92134, '2025-08-10 03:35:20'),
(1754768123, 10.607105, 122.92134, '2025-08-10 03:35:23'),
(1754768126, 10.607112, 122.92134, '2025-08-10 03:35:26'),
(1754768129, 10.607117, 122.921333, '2025-08-10 03:35:29'),
(1754768132, 10.607117, 122.921333, '2025-08-10 03:35:32'),
(1754768135, 10.607127, 122.921333, '2025-08-10 03:35:35'),
(1754768138, 10.60713, 122.921333, '2025-08-10 03:35:38'),
(1754768141, 10.607133, 122.921325, '2025-08-10 03:35:41'),
(1754768144, 10.607136, 122.921325, '2025-08-10 03:35:44'),
(1754768147, 10.607149, 122.921318, '2025-08-10 03:35:47'),
(1754768150, 10.607157, 122.921318, '2025-08-10 03:35:50'),
(1754768153, 10.607162, 122.92131, '2025-08-10 03:35:53'),
(1754768156, 10.607168, 122.92131, '2025-08-10 03:35:56'),
(1754768159, 10.607175, 122.92131, '2025-08-10 03:35:59'),
(1754768162, 10.607169, 122.92131, '2025-08-10 03:36:02'),
(1754768165, 10.607158, 122.92131, '2025-08-10 03:36:05'),
(1754768168, 10.607151, 122.92131, '2025-08-10 03:36:08'),
(1754768171, 10.607146, 122.92131, '2025-08-10 03:36:11'),
(1754768174, 10.607148, 122.92131, '2025-08-10 03:36:14'),
(1754768177, 10.607143, 122.92131, '2025-08-10 03:36:17'),
(1754768180, 10.60715, 122.92131, '2025-08-10 03:36:20'),
(1754768183, 10.60716, 122.92131, '2025-08-10 03:36:23'),
(1754768186, 10.607163, 122.92131, '2025-08-10 03:36:26'),
(1754768189, 10.607162, 122.92131, '2025-08-10 03:36:29'),
(1754768192, 10.607164, 122.92131, '2025-08-10 03:36:32'),
(1754768195, 10.607167, 122.92131, '2025-08-10 03:36:35'),
(1754768198, 10.607174, 122.921302, '2025-08-10 03:36:38'),
(1754768201, 10.607158, 122.92131, '2025-08-10 03:36:41'),
(1754768204, 10.607162, 122.92131, '2025-08-10 03:36:44'),
(1754768207, 10.607163, 122.921302, '2025-08-10 03:36:47'),
(1754768210, 10.607165, 122.921302, '2025-08-10 03:36:50'),
(1754768213, 10.607172, 122.921302, '2025-08-10 03:36:53'),
(1754768216, 10.607176, 122.921302, '2025-08-10 03:36:56'),
(1754768219, 10.60718, 122.921302, '2025-08-10 03:36:59'),
(1754768222, 10.60718, 122.921295, '2025-08-10 03:37:02'),
(1754768225, 10.60718, 122.921295, '2025-08-10 03:37:05'),
(1754768228, 10.607187, 122.921295, '2025-08-10 03:37:08'),
(1754768231, 10.607195, 122.921287, '2025-08-10 03:37:11'),
(1754768234, 10.607197, 122.921287, '2025-08-10 03:37:14'),
(1754768237, 10.607201, 122.921287, '2025-08-10 03:37:17'),
(1754768240, 10.607198, 122.921287, '2025-08-10 03:37:20'),
(1754768243, 10.607201, 122.921287, '2025-08-10 03:37:23'),
(1754768246, 10.607198, 122.921287, '2025-08-10 03:37:26'),
(1754768249, 10.607199, 122.921287, '2025-08-10 03:37:29'),
(1754768252, 10.607205, 122.921279, '2025-08-10 03:37:32'),
(1754768255, 10.607208, 122.921279, '2025-08-10 03:37:35'),
(1754768258, 10.607207, 122.921279, '2025-08-10 03:37:38'),
(1754768261, 10.607213, 122.921279, '2025-08-10 03:37:41'),
(1754768264, 10.607214, 122.921279, '2025-08-10 03:37:44'),
(1754768267, 10.607212, 122.921279, '2025-08-10 03:37:47'),
(1754768270, 10.60721, 122.921279, '2025-08-10 03:37:50'),
(1754768273, 10.607209, 122.921279, '2025-08-10 03:37:53'),
(1754768276, 10.607209, 122.921287, '2025-08-10 03:37:56'),
(1754768279, 10.607211, 122.921287, '2025-08-10 03:37:59'),
(1754768282, 10.607205, 122.921287, '2025-08-10 03:38:02'),
(1754768285, 10.607215, 122.921295, '2025-08-10 03:38:05'),
(1754768288, 10.607215, 0, '2025-08-10 03:38:08'),
(1754768290, 10.607213, 122.921295, '2025-08-10 03:38:10'),
(1754768293, 10.607209, 122.921295, '2025-08-10 03:38:13'),
(1754768296, 10.607203, 122.921295, '2025-08-10 03:38:16'),
(1754768299, 10.607198, 122.921302, '2025-08-10 03:38:19'),
(1754768302, 10.607192, 122.921302, '2025-08-10 03:38:22'),
(1754768305, 10.607188, 122.921302, '2025-08-10 03:38:25'),
(1754768308, 10.607183, 122.92131, '2025-08-10 03:38:28'),
(1754768311, 10.607179, 122.92131, '2025-08-10 03:38:31'),
(1754768314, 10.607177, 122.92131, '2025-08-10 03:38:34'),
(1754768317, 10.607173, 122.92131, '2025-08-10 03:38:37'),
(1754768320, 10.607168, 122.92131, '2025-08-10 03:38:40'),
(1754768323, 10.607164, 122.921318, '2025-08-10 03:38:43'),
(1754768326, 10.607158, 122.921318, '2025-08-10 03:38:46'),
(1754768329, 10.607155, 122.921318, '2025-08-10 03:38:49'),
(1754768332, 10.60715, 122.92131, '2025-08-10 03:38:52'),
(1754768335, 10.607145, 122.921318, '2025-08-10 03:38:55'),
(1754768338, 10.607143, 122.921318, '2025-08-10 03:38:58'),
(1754768341, 10.607141, 122.921318, '2025-08-10 03:39:01'),
(1754768344, 10.607141, 122.921318, '2025-08-10 03:39:04'),
(1754768347, 10.60714, 122.921318, '2025-08-10 03:39:07'),
(1754768350, 10.607137, 122.921325, '2025-08-10 03:39:10'),
(1754768353, 10.607135, 122.921325, '2025-08-10 03:39:13'),
(1754768356, 10.607132, 122.921325, '2025-08-10 03:39:16'),
(1754768359, 10.607132, 122.921325, '2025-08-10 03:39:19'),
(1754768362, 10.607132, 122.921325, '2025-08-10 03:39:22'),
(1754768365, 10.607131, 122.921325, '2025-08-10 03:39:25'),
(1754768368, 10.607131, 122.921325, '2025-08-10 03:39:28'),
(1754768371, 10.60713, 122.921333, '2025-08-10 03:39:31'),
(1754768374, 10.607127, 122.921333, '2025-08-10 03:39:34'),
(1754768377, 10.607125, 122.921333, '2025-08-10 03:39:37'),
(1754768380, 10.607124, 122.921333, '2025-08-10 03:39:40'),
(1754768383, 10.607123, 122.921333, '2025-08-10 03:39:43'),
(1754768386, 10.60712, 122.92134, '2025-08-10 03:39:46'),
(1754768389, 10.607119, 122.92134, '2025-08-10 03:39:49'),
(1754768392, 10.607117, 122.92134, '2025-08-10 03:39:52'),
(1754768395, 10.607118, 122.92134, '2025-08-10 03:39:55'),
(1754768398, 10.607116, 122.921348, '2025-08-10 03:39:58'),
(1754768401, 10.607115, 122.921348, '2025-08-10 03:40:01'),
(1754768404, 10.607123, 122.921348, '2025-08-10 03:40:04'),
(1754768407, 10.607123, 122.921356, '2025-08-10 03:40:07'),
(1754768410, 10.607107, 122.921348, '2025-08-10 03:40:10'),
(1754768413, 10.607105, 122.921348, '2025-08-10 03:40:13'),
(1754768417, 10.607102, 122.921333, '2025-08-10 03:40:17'),
(1754768420, 10.607104, 122.92134, '2025-08-10 03:40:20'),
(1754768423, 10.607101, 122.92134, '2025-08-10 03:40:23'),
(1754768426, 10.607104, 122.921348, '2025-08-10 03:40:26'),
(1754768429, 10.6071, 122.92134, '2025-08-10 03:40:29'),
(1754768432, 10.607094, 122.921325, '2025-08-10 03:40:32'),
(1754768435, 10.607112, 122.921325, '2025-08-10 03:40:35'),
(1754768438, 10.60711, 122.921325, '2025-08-10 03:40:38'),
(1754768441, 10.607117, 122.921325, '2025-08-10 03:40:41'),
(1754768444, 10.60715, 122.921333, '2025-08-10 03:40:44'),
(1754768447, 10.607176, 122.921325, '2025-08-10 03:40:47'),
(1754768450, 10.607185, 122.921333, '2025-08-10 03:40:50'),
(1754768453, 10.60719, 122.921325, '2025-08-10 03:40:53'),
(1754768456, 10.607188, 122.921325, '2025-08-10 03:40:56'),
(1754768459, 10.60718, 122.921325, '2025-08-10 03:40:59'),
(1754768462, 10.60717, 122.921333, '2025-08-10 03:41:02'),
(1754768465, 10.607167, 122.921325, '2025-08-10 03:41:05'),
(1754768468, 10.607158, 122.921325, '2025-08-10 03:41:08'),
(1754768471, 10.607166, 122.921295, '2025-08-10 03:41:11'),
(1754768474, 10.607167, 122.921287, '2025-08-10 03:41:14'),
(1754768477, 10.607174, 122.921272, '2025-08-10 03:41:17'),
(1754768480, 10.607181, 122.921264, '2025-08-10 03:41:20'),
(1754768483, 10.607181, 122.921264, '2025-08-10 03:41:23'),
(1754768486, 10.607175, 122.921249, '2025-08-10 03:41:26'),
(1754768489, 10.607176, 122.921241, '2025-08-10 03:41:29'),
(1754768492, 10.607179, 122.921226, '2025-08-10 03:41:32'),
(1754768495, 10.607191, 122.921211, '2025-08-10 03:41:35'),
(1754768498, 10.607197, 122.921203, '2025-08-10 03:41:38'),
(1754768501, 10.607218, 122.921165, '2025-08-10 03:41:41'),
(1754768504, 10.607234, 122.92115, '2025-08-10 03:41:44'),
(1754768507, 10.607225, 122.921157, '2025-08-10 03:41:47'),
(1754768510, 10.607214, 122.921165, '2025-08-10 03:41:50'),
(1754768513, 10.607215, 122.921165, '2025-08-10 03:41:53'),
(1754768516, 10.607216, 122.921165, '2025-08-10 03:41:56'),
(1754768519, 10.607213, 122.921173, '2025-08-10 03:41:59'),
(1754768522, 10.607226, 122.921142, '2025-08-10 03:42:02'),
(1754768525, 10.60723, 122.921134, '2025-08-10 03:42:05'),
(1754768528, 10.607231, 122.921127, '2025-08-10 03:42:08'),
(1754768531, 10.607231, 122.921119, '2025-08-10 03:42:11'),
(1754768534, 10.607226, 122.921127, '2025-08-10 03:42:14'),
(1754768537, 10.607219, 122.921142, '2025-08-10 03:42:17'),
(1754768540, 10.607204, 122.921157, '2025-08-10 03:42:20'),
(1754768543, 10.607197, 122.921173, '2025-08-10 03:42:23'),
(1754768546, 10.6072, 122.921173, '2025-08-10 03:42:26'),
(1754768549, 10.607214, 122.921157, '2025-08-10 03:42:29'),
(1754768552, 10.607218, 122.92115, '2025-08-10 03:42:32'),
(1754768555, 10.607212, 122.921157, '2025-08-10 03:42:35'),
(1754768558, 10.607185, 122.921195, '2025-08-10 03:42:38'),
(1754768561, 10.607177, 122.921203, '2025-08-10 03:42:41'),
(1754768564, 10.607172, 122.921203, '2025-08-10 03:42:44'),
(1754768567, 10.607158, 122.921226, '2025-08-10 03:42:47'),
(1754768570, 10.607145, 122.921241, '2025-08-10 03:42:50'),
(1754768573, 10.607127, 122.921257, '2025-08-10 03:42:53'),
(1754768576, 10.607133, 122.921241, '2025-08-10 03:42:56'),
(1754768579, 10.607139, 122.921234, '2025-08-10 03:42:59'),
(1754768582, 10.607147, 122.921226, '2025-08-10 03:43:02'),
(1754768585, 10.607153, 122.921218, '2025-08-10 03:43:05'),
(1754768588, 10.607161, 122.921218, '2025-08-10 03:43:08'),
(1754768591, 10.607153, 122.921226, '2025-08-10 03:43:11'),
(1754768594, 10.60714, 122.921218, '2025-08-10 03:43:14'),
(1754768597, 10.607141, 122.921218, '2025-08-10 03:43:17'),
(1754768600, 10.607134, 122.921211, '2025-08-10 03:43:20'),
(1754768603, 10.607123, 122.921195, '2025-08-10 03:43:23'),
(1754768606, 10.607127, 122.921165, '2025-08-10 03:43:26'),
(1754768609, 10.60713, 122.921142, '2025-08-10 03:43:29'),
(1754768612, 10.607123, 122.921127, '2025-08-10 03:43:32'),
(1754768615, 10.607154, 122.921119, '2025-08-10 03:43:35'),
(1754768618, 10.607159, 122.921119, '2025-08-10 03:43:38'),
(1754768621, 10.607037, 122.921188, '2025-08-10 03:43:41'),
(1754768624, 10.606978, 122.921203, '2025-08-10 03:43:44'),
(1754768627, 10.606938, 122.921211, '2025-08-10 03:43:47'),
(1754768630, 10.607011, 122.921241, '2025-08-10 03:43:50'),
(1754768633, 10.607033, 122.921226, '2025-08-10 03:43:53'),
(1754768636, 10.607053, 122.921226, '2025-08-10 03:43:56'),
(1754768639, 10.607157, 122.92147, '2025-08-10 03:43:59'),
(1754768642, 10.607177, 122.921661, '2025-08-10 03:44:02'),
(1754768645, 10.600001, 0, '2025-08-10 03:44:05'),
(1754768647, 10.607141, 122.921684, '2025-08-10 03:44:07'),
(1754768650, 10.607154, 122.921623, '2025-08-10 03:44:10'),
(1754768653, 10.60712, 122.921577, '2025-08-10 03:44:13'),
(1754768656, 10.607107, 122.921554, '2025-08-10 03:44:16'),
(1754768659, 10.607092, 122.921478, '2025-08-10 03:44:19'),
(1754768662, 10.607106, 122.921417, '2025-08-10 03:44:22'),
(1754768665, 10.607107, 122.921379, '2025-08-10 03:44:25'),
(1754768668, 10.607107, 122.921356, '2025-08-10 03:44:28'),
(1754768671, 10.607111, 122.921325, '2025-08-10 03:44:31'),
(1754768674, 10.60711, 122.921333, '2025-08-10 03:44:34'),
(1754768677, 10.607098, 122.92134, '2025-08-10 03:44:37'),
(1754768680, 10.607109, 122.92134, '2025-08-10 03:44:40'),
(1754768683, 10.607116, 122.92134, '2025-08-10 03:44:43'),
(1754768686, 10.607112, 122.92134, '2025-08-10 03:44:46'),
(1754768689, 10.607113, 122.921333, '2025-08-10 03:44:49'),
(1754768692, 10.607108, 122.921325, '2025-08-10 03:44:52'),
(1754768695, 10.6071, 122.921325, '2025-08-10 03:44:55'),
(1754768698, 10.607094, 122.921325, '2025-08-10 03:44:58'),
(1754768701, 10.607097, 122.921318, '2025-08-10 03:45:01'),
(1754768704, 10.607104, 122.921302, '2025-08-10 03:45:04'),
(1754768707, 10.60711, 122.921295, '2025-08-10 03:45:07'),
(1754768710, 10.607111, 122.921287, '2025-08-10 03:45:10'),
(1754768713, 10.6071, 122.921295, '2025-08-10 03:45:13'),
(1754768716, 10.607098, 122.921287, '2025-08-10 03:45:16'),
(1754768719, 10.607084, 122.921287, '2025-08-10 03:45:19'),
(1754768722, 10.607088, 122.921287, '2025-08-10 03:45:22'),
(1754768725, 10.607089, 122.921279, '2025-08-10 03:45:25'),
(1754768728, 10.607088, 122.921272, '2025-08-10 03:45:28'),
(1754768731, 10.607083, 122.921264, '2025-08-10 03:45:31'),
(1754768734, 10.607084, 122.921264, '2025-08-10 03:45:34'),
(1754768737, 10.607083, 122.921264, '2025-08-10 03:45:37'),
(1754768740, 10.607079, 122.921257, '2025-08-10 03:45:40'),
(1754768743, 10.607076, 122.921264, '2025-08-10 03:45:43'),
(1754768746, 10.607075, 122.921264, '2025-08-10 03:45:46'),
(1754768749, 10.607069, 122.921264, '2025-08-10 03:45:49'),
(1754768752, 10.607066, 122.921249, '2025-08-10 03:45:52'),
(1754768755, 10.607063, 122.921249, '2025-08-10 03:45:55'),
(1754768758, 10.607057, 122.921249, '2025-08-10 03:45:58'),
(1754768761, 10.607058, 122.921249, '2025-08-10 03:46:01'),
(1754768764, 10.607051, 122.921257, '2025-08-10 03:46:04'),
(1754768767, 10.607053, 122.921257, '2025-08-10 03:46:07'),
(1754768770, 10.607055, 122.921257, '2025-08-10 03:46:10'),
(1754768773, 10.607059, 122.921257, '2025-08-10 03:46:13'),
(1754768776, 10.607063, 122.921257, '2025-08-10 03:46:16'),
(1754768779, 10.607066, 122.921257, '2025-08-10 03:46:19'),
(1754768782, 10.607064, 122.921257, '2025-08-10 03:46:22'),
(1754768785, 10.607065, 122.921264, '2025-08-10 03:46:25'),
(1754768788, 10.607068, 122.921264, '2025-08-10 03:46:28'),
(1754768791, 10.607069, 122.921264, '2025-08-10 03:46:31'),
(1754768794, 10.607069, 122.921264, '2025-08-10 03:46:34'),
(1754768797, 10.607071, 122.921272, '2025-08-10 03:46:37'),
(1754768800, 10.607076, 122.921272, '2025-08-10 03:46:40'),
(1754768803, 10.607074, 122.921279, '2025-08-10 03:46:43'),
(1754768806, 10.607073, 122.921279, '2025-08-10 03:46:46'),
(1754768809, 10.607072, 122.921279, '2025-08-10 03:46:49'),
(1754768812, 10.607075, 122.921279, '2025-08-10 03:46:52'),
(1754768815, 10.607077, 122.921279, '2025-08-10 03:46:55'),
(1754768818, 10.607075, 122.921272, '2025-08-10 03:46:58'),
(1754768821, 10.607077, 122.921272, '2025-08-10 03:47:01'),
(1754768824, 10.607079, 122.921272, '2025-08-10 03:47:04'),
(1754768827, 10.607083, 122.921264, '2025-08-10 03:47:07'),
(1754768830, 10.607086, 122.921264, '2025-08-10 03:47:10'),
(1754768833, 10.607089, 122.921257, '2025-08-10 03:47:13'),
(1754768836, 10.607092, 122.921257, '2025-08-10 03:47:16'),
(1754768839, 10.607095, 122.921249, '2025-08-10 03:47:19'),
(1754768842, 10.607098, 122.921249, '2025-08-10 03:47:22'),
(1754768845, 10.6071, 122.921257, '2025-08-10 03:47:25'),
(1754768848, 10.607103, 122.921249, '2025-08-10 03:47:28'),
(1754768851, 10.6071, 122.921249, '2025-08-10 03:47:31'),
(1754768854, 10.607102, 122.921249, '2025-08-10 03:47:34'),
(1754768857, 10.607107, 122.921249, '2025-08-10 03:47:37'),
(1754768860, 10.607108, 122.921241, '2025-08-10 03:47:40'),
(1754768863, 10.60711, 122.921241, '2025-08-10 03:47:43'),
(1754768866, 10.607111, 122.921241, '2025-08-10 03:47:46'),
(1754768869, 10.607114, 122.921234, '2025-08-10 03:47:49'),
(1754768872, 10.607115, 122.921234, '2025-08-10 03:47:52'),
(1754768875, 10.607117, 122.921226, '2025-08-10 03:47:55'),
(1754768878, 10.607119, 122.921226, '2025-08-10 03:47:58'),
(1754768881, 10.607122, 122.921218, '2025-08-10 03:48:01'),
(1754768884, 10.607125, 122.921211, '2025-08-10 03:48:04'),
(1754771229, 10.60711, 122.920997, '2025-08-10 04:27:09'),
(1754771232, 10.607116, 122.920982, '2025-08-10 04:27:12'),
(1754771235, 10.607124, 122.920989, '2025-08-10 04:27:15'),
(1754771238, 10.60713, 122.920997, '2025-08-10 04:27:18'),
(1754771241, 10.607121, 122.921073, '2025-08-10 04:27:21'),
(1754771244, 10.607096, 122.921218, '2025-08-10 04:27:24'),
(1754771247, 10.607089, 122.921241, '2025-08-10 04:27:27'),
(1754771250, 10.607076, 122.921295, '2025-08-10 04:27:30'),
(1754771252, 10.607064, 122.921333, '2025-08-10 04:27:32'),
(1754771255, 10.607046, 122.921363, '2025-08-10 04:27:35'),
(1754771258, 10.607045, 122.921348, '2025-08-10 04:27:38'),
(1754771261, 10.607044, 122.921318, '2025-08-10 04:27:41'),
(1754771264, 10.607041, 122.921325, '2025-08-10 04:27:44'),
(1754771267, 10.607028, 122.921333, '2025-08-10 04:27:47'),
(1754771270, 10.60704, 122.921295, '2025-08-10 04:27:50'),
(1754771273, 10.607044, 122.921272, '2025-08-10 04:27:53'),
(1754771276, 10.607046, 122.921257, '2025-08-10 04:27:56'),
(1754771279, 10.607037, 122.921302, '2025-08-10 04:27:59'),
(1754771282, 10.607036, 122.921356, '2025-08-10 04:28:02'),
(1754771285, 10.607039, 122.921379, '2025-08-10 04:28:05'),
(1754771288, 10.607041, 122.921394, '2025-08-10 04:28:08'),
(1754771291, 10.607033, 122.921394, '2025-08-10 04:28:11'),
(1754771294, 10.607028, 122.921386, '2025-08-10 04:28:14'),
(1754771297, 10.606985, 122.921447, '2025-08-10 04:28:17'),
(1754771517, 10.607145, 122.921379, '2025-08-10 04:31:57'),
(1754771520, 10.607154, 122.921379, '2025-08-10 04:32:00'),
(1754771523, 10.607149, 122.921386, '2025-08-10 04:32:03'),
(1754771526, 10.607132, 122.921394, '2025-08-10 04:32:06'),
(1754771529, 10.607124, 122.921386, '2025-08-10 04:32:09'),
(1754771532, 10.607118, 122.921394, '2025-08-10 04:32:12'),
(1754771535, 10.607116, 122.921386, '2025-08-10 04:32:15'),
(1754771538, 10.607113, 122.921386, '2025-08-10 04:32:18'),
(1754771541, 10.607105, 122.921386, '2025-08-10 04:32:21'),
(1754771544, 10.607096, 122.921386, '2025-08-10 04:32:24'),
(1754771547, 10.607108, 122.921363, '2025-08-10 04:32:27'),
(1754771550, 10.607121, 122.921348, '2025-08-10 04:32:30'),
(1754771553, 10.607115, 122.921348, '2025-08-10 04:32:33'),
(1754771556, 10.607113, 122.921348, '2025-08-10 04:32:36'),
(1754771559, 10.607115, 122.921348, '2025-08-10 04:32:39'),
(1754771562, 10.607119, 122.92134, '2025-08-10 04:32:42'),
(1754771565, 10.607124, 122.921333, '2025-08-10 04:32:45'),
(1754771568, 10.60712, 122.921333, '2025-08-10 04:32:48'),
(1754771571, 10.607105, 122.921348, '2025-08-10 04:32:51'),
(1754771574, 10.60709, 122.921363, '2025-08-10 04:32:54'),
(1754771577, 10.607093, 122.921363, '2025-08-10 04:32:57'),
(1754771580, 10.6071, 122.921356, '2025-08-10 04:33:00'),
(1754771583, 10.607104, 122.921356, '2025-08-10 04:33:03'),
(1754771586, 10.607098, 122.921356, '2025-08-10 04:33:06'),
(1754771589, 10.607087, 122.921363, '2025-08-10 04:33:09'),
(1754771592, 10.607084, 122.921363, '2025-08-10 04:33:12'),
(1754771595, 10.607084, 122.921363, '2025-08-10 04:33:15'),
(1754771598, 10.607086, 122.921356, '2025-08-10 04:33:18'),
(1754771601, 10.607086, 122.921356, '2025-08-10 04:33:21'),
(1754771604, 10.607096, 122.921348, '2025-08-10 04:33:24'),
(1754771607, 10.607115, 122.921333, '2025-08-10 04:33:27'),
(1754771610, 10.607129, 122.921325, '2025-08-10 04:33:30'),
(1754771613, 10.607123, 122.921333, '2025-08-10 04:33:33'),
(1754771616, 10.607131, 122.921325, '2025-08-10 04:33:36'),
(1754771619, 10.607129, 122.921325, '2025-08-10 04:33:39'),
(1754771622, 10.607133, 122.921318, '2025-08-10 04:33:42'),
(1754771625, 10.607132, 122.921318, '2025-08-10 04:33:45'),
(1754771628, 10.607125, 122.921325, '2025-08-10 04:33:48'),
(1754771935, 10.607077, 122.921318, '2025-08-10 04:38:55'),
(1754771938, 10.607082, 122.921318, '2025-08-10 04:38:58'),
(1754771941, 10.607087, 122.921318, '2025-08-10 04:39:01'),
(1754771944, 10.607092, 122.921318, '2025-08-10 04:39:04'),
(1754771947, 10.607089, 122.921333, '2025-08-10 04:39:07'),
(1754771950, 10.607089, 122.92134, '2025-08-10 04:39:10'),
(1754771953, 10.607089, 122.921348, '2025-08-10 04:39:13'),
(1754771956, 10.60708, 122.921363, '2025-08-10 04:39:16'),
(1754771959, 10.607077, 122.921363, '2025-08-10 04:39:19'),
(1754771962, 10.607071, 122.921363, '2025-08-10 04:39:22'),
(1754771965, 10.607064, 122.921363, '2025-08-10 04:39:25'),
(1754771968, 10.607066, 122.921363, '2025-08-10 04:39:28'),
(1754771971, 10.60706, 122.921371, '2025-08-10 04:39:31'),
(1754771974, 10.607078, 122.921348, '2025-08-10 04:39:34'),
(1754771977, 10.607094, 122.92134, '2025-08-10 04:39:37'),
(1754771980, 10.607099, 122.92134, '2025-08-10 04:39:40'),
(1754771983, 10.607105, 122.92134, '2025-08-10 04:39:43'),
(1754771986, 10.607111, 122.92134, '2025-08-10 04:39:46'),
(1754771989, 10.607112, 122.921333, '2025-08-10 04:39:49'),
(1754771992, 10.607115, 122.921333, '2025-08-10 04:39:52'),
(1754771995, 10.607131, 122.921325, '2025-08-10 04:39:55'),
(1754771998, 10.607136, 122.921318, '2025-08-10 04:39:58'),
(1754772001, 10.607137, 122.92131, '2025-08-10 04:40:01'),
(1754772004, 10.607128, 122.921318, '2025-08-10 04:40:04'),
(1754772007, 10.607128, 0, '2025-08-10 04:40:07'),
(1754772009, 10.60713, 122.921325, '2025-08-10 04:40:09'),
(1754772012, 10.607133, 122.921318, '2025-08-10 04:40:12'),
(1754772015, 10.607148, 122.921302, '2025-08-10 04:40:15'),
(1754772018, 10.607151, 122.921295, '2025-08-10 04:40:18'),
(1754772021, 10.607151, 122.921287, '2025-08-10 04:40:21'),
(1754772024, 10.607141, 122.921287, '2025-08-10 04:40:24'),
(1754772027, 10.607144, 122.921295, '2025-08-10 04:40:27'),
(1754772030, 10.607146, 122.921295, '2025-08-10 04:40:30'),
(1754772033, 10.607142, 122.92131, '2025-08-10 04:40:33'),
(1754772036, 10.607133, 122.921318, '2025-08-10 04:40:36'),
(1754772039, 10.607118, 122.921333, '2025-08-10 04:40:39'),
(1754772042, 10.60711, 122.92134, '2025-08-10 04:40:42'),
(1754772045, 10.607104, 122.92134, '2025-08-10 04:40:45'),
(1754772048, 10.607101, 122.92134, '2025-08-10 04:40:48'),
(1754772051, 10.607082, 122.921348, '2025-08-10 04:40:51'),
(1754772054, 10.607086, 122.921348, '2025-08-10 04:40:54'),
(1754772057, 10.607116, 122.921325, '2025-08-10 04:40:57'),
(1754772060, 10.607124, 122.921318, '2025-08-10 04:41:00'),
(1754772063, 10.607099, 122.921325, '2025-08-10 04:41:03'),
(1754772066, 10.60709, 122.921325, '2025-08-10 04:41:06'),
(1754772069, 10.607095, 122.921325, '2025-08-10 04:41:09'),
(1754772072, 10.607096, 122.921333, '2025-08-10 04:41:12'),
(1754772075, 10.607084, 122.92134, '2025-08-10 04:41:15'),
(1754772078, 10.607085, 122.921348, '2025-08-10 04:41:18'),
(1754772081, 10.607086, 122.921371, '2025-08-10 04:41:21'),
(1754772084, 10.607081, 122.921363, '2025-08-10 04:41:24'),
(1754772087, 10.607081, 122.921371, '2025-08-10 04:41:27'),
(1754772090, 10.60708, 122.921371, '2025-08-10 04:41:30'),
(1754772093, 10.607087, 122.921356, '2025-08-10 04:41:33'),
(1754772096, 10.607085, 122.921356, '2025-08-10 04:41:36'),
(1754772099, 10.60708, 122.921356, '2025-08-10 04:41:39'),
(1754772102, 10.607078, 122.921348, '2025-08-10 04:41:42'),
(1754772105, 10.607076, 122.921371, '2025-08-10 04:41:45'),
(1754772108, 10.607084, 122.921379, '2025-08-10 04:41:48'),
(1754772111, 10.607091, 122.921379, '2025-08-10 04:41:51'),
(1754772114, 10.607104, 122.92134, '2025-08-10 04:41:54'),
(1754772117, 10.607103, 122.921295, '2025-08-10 04:41:57'),
(1754772120, 10.607098, 122.921272, '2025-08-10 04:42:00'),
(1754772123, 10.607084, 122.921287, '2025-08-10 04:42:03'),
(1754772126, 10.607078, 122.921302, '2025-08-10 04:42:06'),
(1754772129, 10.607074, 122.92134, '2025-08-10 04:42:09'),
(1754772132, 10.607071, 122.921356, '2025-08-10 04:42:12'),
(1754772135, 10.607091, 122.921348, '2025-08-10 04:42:15'),
(1754772138, 10.607087, 122.921333, '2025-08-10 04:42:18'),
(1754772141, 10.607083, 122.921333, '2025-08-10 04:42:21'),
(1754772144, 10.607099, 122.921295, '2025-08-10 04:42:24'),
(1754772147, 10.60713, 122.921264, '2025-08-10 04:42:27'),
(1754772150, 10.607103, 122.921279, '2025-08-10 04:42:30'),
(1754772153, 10.607097, 122.921295, '2025-08-10 04:42:33'),
(1754772156, 10.607096, 122.921279, '2025-08-10 04:42:36'),
(1754772159, 10.607091, 122.921318, '2025-08-10 04:42:39'),
(1754772162, 10.607075, 122.921318, '2025-08-10 04:42:42'),
(1754772165, 10.607078, 122.921325, '2025-08-10 04:42:45'),
(1754772168, 10.607063, 122.921325, '2025-08-10 04:42:48'),
(1754772171, 10.607063, 122.921325, '2025-08-10 04:42:51'),
(1754772174, 10.607059, 122.921325, '2025-08-10 04:42:54'),
(1754772177, 10.607056, 122.921333, '2025-08-10 04:42:57'),
(1754772180, 10.607037, 122.921348, '2025-08-10 04:43:00'),
(1754772183, 10.607042, 122.921348, '2025-08-10 04:43:03'),
(1754772186, 10.607058, 122.921348, '2025-08-10 04:43:06'),
(1754772189, 10.607062, 122.92134, '2025-08-10 04:43:09'),
(1754772192, 10.607059, 122.921348, '2025-08-10 04:43:12'),
(1754772195, 10.607057, 122.92134, '2025-08-10 04:43:15'),
(1754772198, 10.607057, 122.92134, '2025-08-10 04:43:18'),
(1754772201, 10.607062, 122.92134, '2025-08-10 04:43:21'),
(1754772204, 10.607065, 122.92134, '2025-08-10 04:43:24'),
(1754772207, 10.607065, 122.92134, '2025-08-10 04:43:27'),
(1754772210, 10.607064, 122.92134, '2025-08-10 04:43:30'),
(1754772213, 10.607057, 122.92134, '2025-08-10 04:43:33'),
(1754772216, 10.607056, 122.92134, '2025-08-10 04:43:36'),
(1754772219, 10.607058, 122.92134, '2025-08-10 04:43:39'),
(1754772222, 10.607057, 122.921348, '2025-08-10 04:43:42'),
(1754772225, 10.607052, 122.92134, '2025-08-10 04:43:45'),
(1754772228, 10.607046, 122.92134, '2025-08-10 04:43:48'),
(1754772231, 10.607049, 122.92134, '2025-08-10 04:43:51'),
(1754772234, 10.607053, 122.92134, '2025-08-10 04:43:54'),
(1754772237, 10.607063, 122.921333, '2025-08-10 04:43:57'),
(1754772240, 10.60707, 122.921333, '2025-08-10 04:44:00'),
(1754772243, 10.607075, 122.921333, '2025-08-10 04:44:03'),
(1754772246, 10.607077, 122.92134, '2025-08-10 04:44:06'),
(1754772249, 10.607078, 122.92134, '2025-08-10 04:44:09'),
(1754772252, 10.607083, 122.92134, '2025-08-10 04:44:12'),
(1754772255, 10.607087, 122.921333, '2025-08-10 04:44:15'),
(1754772258, 10.607084, 122.921333, '2025-08-10 04:44:18'),
(1754772261, 10.60708, 122.92134, '2025-08-10 04:44:21'),
(1754772264, 10.607084, 122.921333, '2025-08-10 04:44:24'),
(1754772267, 10.607086, 122.921333, '2025-08-10 04:44:27'),
(1754772270, 10.607093, 122.921325, '2025-08-10 04:44:30'),
(1754772273, 10.607094, 122.921333, '2025-08-10 04:44:33'),
(1754772276, 10.607094, 122.92134, '2025-08-10 04:44:36'),
(1754772279, 10.607101, 122.921333, '2025-08-10 04:44:39'),
(1754772282, 10.60711, 122.921325, '2025-08-10 04:44:42'),
(1754772285, 10.607112, 122.921325, '2025-08-10 04:44:45'),
(1754772288, 10.607112, 122.921325, '2025-08-10 04:44:48'),
(1754772291, 10.607115, 122.921325, '2025-08-10 04:44:51'),
(1754772294, 10.60713, 122.92131, '2025-08-10 04:44:54'),
(1754772297, 10.607143, 122.921302, '2025-08-10 04:44:57'),
(1754772300, 10.607169, 122.921279, '2025-08-10 04:45:00'),
(1754772303, 10.60717, 122.921279, '2025-08-10 04:45:03'),
(1754772306, 10.607172, 122.921279, '2025-08-10 04:45:06'),
(1754772309, 10.607172, 122.921279, '2025-08-10 04:45:09'),
(1754772312, 10.607152, 122.921295, '2025-08-10 04:45:12'),
(1754772315, 10.607131, 122.921318, '2025-08-10 04:45:15'),
(1754772318, 10.607125, 122.921318, '2025-08-10 04:45:18'),
(1754772321, 10.607117, 122.921325, '2025-08-10 04:45:21'),
(1754772324, 10.607115, 122.921325, '2025-08-10 04:45:24'),
(1754772327, 10.607118, 122.921325, '2025-08-10 04:45:27'),
(1754772330, 10.607112, 122.921325, '2025-08-10 04:45:30'),
(1754772333, 10.607104, 122.921333, '2025-08-10 04:45:33'),
(1754772336, 10.607094, 122.921333, '2025-08-10 04:45:36'),
(1754772339, 10.6071, 122.921325, '2025-08-10 04:45:39'),
(1754772342, 10.607097, 122.921333, '2025-08-10 04:45:42'),
(1754772345, 10.607088, 122.921333, '2025-08-10 04:45:45'),
(1754772348, 10.607084, 122.921333, '2025-08-10 04:45:48'),
(1754772351, 10.607081, 122.921333, '2025-08-10 04:45:51'),
(1754772354, 10.607084, 122.921325, '2025-08-10 04:45:54'),
(1754772357, 10.607088, 122.921325, '2025-08-10 04:45:57'),
(1754772360, 10.607078, 122.921325, '2025-08-10 04:46:00'),
(1754772363, 10.607081, 122.921318, '2025-08-10 04:46:03'),
(1754772366, 10.60707, 122.921325, '2025-08-10 04:46:06'),
(1754772369, 10.607067, 122.921318, '2025-08-10 04:46:09'),
(1754772372, 10.607063, 122.921302, '2025-08-10 04:46:12'),
(1754772375, 10.607075, 122.921295, '2025-08-10 04:46:15'),
(1754772378, 10.607085, 122.921295, '2025-08-10 04:46:18'),
(1754772381, 10.60708, 122.921302, '2025-08-10 04:46:21'),
(1754772384, 10.607092, 122.921295, '2025-08-10 04:46:24'),
(1754772387, 10.607089, 122.921295, '2025-08-10 04:46:27'),
(1754772390, 10.607076, 122.921302, '2025-08-10 04:46:30'),
(1754772393, 10.607072, 122.92131, '2025-08-10 04:46:33'),
(1754772396, 10.607077, 122.921325, '2025-08-10 04:46:36'),
(1754772399, 10.607074, 122.921333, '2025-08-10 04:46:39'),
(1754772402, 10.607072, 122.92134, '2025-08-10 04:46:42'),
(1754772405, 10.607072, 122.921356, '2025-08-10 04:46:45'),
(1754772408, 10.607065, 122.921356, '2025-08-10 04:46:48'),
(1754772411, 10.607065, 122.921363, '2025-08-10 04:46:51'),
(1754772414, 10.607062, 122.921371, '2025-08-10 04:46:54'),
(1754772417, 10.60707, 122.921363, '2025-08-10 04:46:57'),
(1754772420, 10.60707, 122.921356, '2025-08-10 04:47:00'),
(1754772423, 10.607069, 122.921356, '2025-08-10 04:47:03'),
(1754772426, 10.607078, 122.92134, '2025-08-10 04:47:06'),
(1754772429, 10.607078, 122.92134, '2025-08-10 04:47:09'),
(1754772432, 10.607071, 122.92134, '2025-08-10 04:47:12'),
(1754772435, 10.607069, 122.92134, '2025-08-10 04:47:15'),
(1754772438, 10.607075, 122.92134, '2025-08-10 04:47:18'),
(1754772441, 10.607091, 122.921348, '2025-08-10 04:47:21'),
(1754772444, 10.607088, 122.921348, '2025-08-10 04:47:24'),
(1754772447, 10.607091, 122.921356, '2025-08-10 04:47:27'),
(1754772450, 10.607101, 122.921363, '2025-08-10 04:47:30'),
(1754772453, 10.607098, 122.921356, '2025-08-10 04:47:33'),
(1754772456, 10.60711, 122.921379, '2025-08-10 04:47:36'),
(1754772459, 10.607117, 122.921394, '2025-08-10 04:47:39'),
(1754772462, 10.60711, 122.921409, '2025-08-10 04:47:42'),
(1754772465, 10.607092, 122.921447, '2025-08-10 04:47:45'),
(1754772468, 10.607079, 122.921447, '2025-08-10 04:47:48'),
(1754772471, 10.607066, 122.92144, '2025-08-10 04:47:51'),
(1754772474, 10.607066, 122.921447, '2025-08-10 04:47:54'),
(1754772477, 10.607074, 122.921432, '2025-08-10 04:47:57'),
(1754772480, 10.607086, 122.921417, '2025-08-10 04:48:00'),
(1754772483, 10.607102, 122.921417, '2025-08-10 04:48:03'),
(1754772486, 10.607106, 122.921409, '2025-08-10 04:48:06'),
(1754772489, 10.607102, 122.921401, '2025-08-10 04:48:09'),
(1754772492, 10.607096, 122.921379, '2025-08-10 04:48:12'),
(1754772495, 10.607098, 122.921379, '2025-08-10 04:48:15'),
(1754772498, 10.607094, 122.921363, '2025-08-10 04:48:18'),
(1754772501, 10.607109, 122.921356, '2025-08-10 04:48:21'),
(1754772504, 10.607079, 122.921348, '2025-08-10 04:48:24'),
(1754772507, 10.60707, 122.921325, '2025-08-10 04:48:27'),
(1754772510, 10.607078, 122.921318, '2025-08-10 04:48:30'),
(1754772513, 10.607099, 122.92131, '2025-08-10 04:48:33'),
(1754772516, 10.607114, 122.921325, '2025-08-10 04:48:36'),
(1754772519, 10.607144, 122.921333, '2025-08-10 04:48:39'),
(1754772522, 10.607165, 122.921333, '2025-08-10 04:48:42'),
(1754772525, 10.60715, 122.921333, '2025-08-10 04:48:45'),
(1754772528, 10.607151, 122.921325, '2025-08-10 04:48:48'),
(1754772531, 10.607171, 122.921325, '2025-08-10 04:48:51'),
(1754772534, 10.607179, 122.921333, '2025-08-10 04:48:54'),
(1754772537, 10.607179, 0, '2025-08-10 04:48:57'),
(1754772539, 10.607165, 122.921325, '2025-08-10 04:48:59'),
(1754772542, 10.607147, 122.921318, '2025-08-10 04:49:02'),
(1754772545, 10.607133, 122.92131, '2025-08-10 04:49:05'),
(1754772548, 10.607129, 122.921287, '2025-08-10 04:49:08'),
(1754772551, 10.607146, 122.921279, '2025-08-10 04:49:11'),
(1754772554, 10.607148, 122.921279, '2025-08-10 04:49:14'),
(1754772557, 10.607141, 122.921287, '2025-08-10 04:49:17'),
(1754772560, 10.607159, 122.921279, '2025-08-10 04:49:20'),
(1754772563, 10.607156, 122.921264, '2025-08-10 04:49:23'),
(1754772566, 10.607139, 122.921257, '2025-08-10 04:49:26'),
(1754772569, 10.607136, 122.921241, '2025-08-10 04:49:29'),
(1754772572, 10.607129, 122.921234, '2025-08-10 04:49:32'),
(1754772575, 10.607138, 122.921226, '2025-08-10 04:49:35'),
(1754772578, 10.607149, 122.921226, '2025-08-10 04:49:38'),
(1754772581, 10.607131, 122.921241, '2025-08-10 04:49:41'),
(1754772584, 10.607124, 122.921241, '2025-08-10 04:49:44'),
(1754772587, 10.607106, 122.921249, '2025-08-10 04:49:47'),
(1754772590, 10.607121, 122.921234, '2025-08-10 04:49:50'),
(1754772593, 10.60712, 122.921234, '2025-08-10 04:49:53'),
(1754772596, 10.607122, 122.921241, '2025-08-10 04:49:56'),
(1754772599, 10.607118, 122.921241, '2025-08-10 04:49:59'),
(1754772602, 10.60711, 122.921241, '2025-08-10 04:50:02'),
(1754772605, 10.607119, 122.921241, '2025-08-10 04:50:05'),
(1754772608, 10.607122, 122.921249, '2025-08-10 04:50:08'),
(1754772611, 10.60712, 122.921257, '2025-08-10 04:50:11'),
(1754772614, 10.607115, 122.921264, '2025-08-10 04:50:14'),
(1754772617, 10.607117, 122.921264, '2025-08-10 04:50:17'),
(1754772620, 10.607115, 122.921272, '2025-08-10 04:50:20'),
(1754773475, 10.607102, 122.92134, '2025-08-10 05:04:35'),
(1754773478, 10.607105, 122.921333, '2025-08-10 05:04:38'),
(1754773481, 10.607112, 122.921325, '2025-08-10 05:04:41'),
(1754773530, 10.607193, 122.921241, '2025-08-10 05:05:30'),
(1754773533, 10.607194, 122.921241, '2025-08-10 05:05:33'),
(1754773536, 10.6072, 122.921241, '2025-08-10 05:05:36'),
(1754773539, 10.607198, 122.921249, '2025-08-10 05:05:39'),
(1754773542, 10.60719, 122.921257, '2025-08-10 05:05:42'),
(1754773545, 10.607184, 122.921264, '2025-08-10 05:05:45'),
(1754773548, 10.607172, 122.921264, '2025-08-10 05:05:48'),
(1754773551, 10.60716, 122.921272, '2025-08-10 05:05:51'),
(1754773873, 10.607094, 122.921287, '2025-08-10 05:11:13'),
(1754773876, 10.607093, 122.921295, '2025-08-10 05:11:16'),
(1754773879, 10.607089, 122.921302, '2025-08-10 05:11:19'),
(1754773882, 10.607085, 122.921295, '2025-08-10 05:11:22'),
(1754774000, 10.607071, 122.92134, '2025-08-10 05:13:20'),
(1754774003, 10.607074, 122.92134, '2025-08-10 05:13:23'),
(1754774006, 10.60708, 122.921333, '2025-08-10 05:13:26'),
(1754774009, 10.607089, 122.921356, '2025-08-10 05:13:29'),
(1754774012, 10.607094, 122.921363, '2025-08-10 05:13:32'),
(1754774015, 10.6071, 122.921379, '2025-08-10 05:13:35'),
(1754774333, 10.607088, 122.921295, '2025-08-10 05:18:53'),
(1754774336, 10.607088, 122.921279, '2025-08-10 05:18:56'),
(1754774339, 10.6071, 122.921272, '2025-08-10 05:18:59'),
(1754774342, 10.607103, 122.921272, '2025-08-10 05:19:02'),
(1754774345, 10.607093, 122.921279, '2025-08-10 05:19:05'),
(1754774600, 10.60706, 122.92134, '2025-08-10 05:23:20'),
(1754774603, 10.60705, 122.921333, '2025-08-10 05:23:23'),
(1754774606, 10.607047, 122.921333, '2025-08-10 05:23:26'),
(1754774609, 10.607046, 122.921318, '2025-08-10 05:23:29'),
(1754774612, 10.607049, 122.92131, '2025-08-10 05:23:32'),
(1754774615, 10.607051, 122.92131, '2025-08-10 05:23:35'),
(1754774618, 10.607058, 122.921302, '2025-08-10 05:23:38'),
(1754774621, 10.60707, 122.921295, '2025-08-10 05:23:41'),
(1754774723, 10.607163, 122.92131, '2025-08-10 05:25:23'),
(1754774726, 10.607164, 122.921318, '2025-08-10 05:25:26'),
(1754774729, 10.607167, 122.92131, '2025-08-10 05:25:29'),
(1754774732, 10.60717, 122.921302, '2025-08-10 05:25:32'),
(1754774735, 10.607169, 122.921302, '2025-08-10 05:25:35'),
(1754774738, 10.60716, 122.921287, '2025-08-10 05:25:38'),
(1754774741, 10.607145, 122.921264, '2025-08-10 05:25:41'),
(1754775087, 10.607113, 122.921318, '2025-08-10 05:31:27'),
(1754775090, 10.607103, 122.921318, '2025-08-10 05:31:30'),
(1754775093, 10.607105, 122.92131, '2025-08-10 05:31:33'),
(1754775096, 10.607114, 122.921295, '2025-08-10 05:31:36'),
(1754775183, 10.607126, 122.921325, '2025-08-10 05:33:03'),
(1754775186, 10.607126, 122.921325, '2025-08-10 05:33:06'),
(1754775189, 10.607128, 122.921325, '2025-08-10 05:33:09'),
(1754775192, 10.607128, 122.921318, '2025-08-10 05:33:12'),
(1754775195, 10.607127, 122.921325, '2025-08-10 05:33:15'),
(1754775198, 10.607127, 122.921318, '2025-08-10 05:33:18'),
(1754775201, 10.607132, 122.921325, '2025-08-10 05:33:21'),
(1754775204, 10.60714, 122.921325, '2025-08-10 05:33:24'),
(1754775207, 10.607144, 122.921325, '2025-08-10 05:33:27'),
(1754775210, 10.607145, 122.921325, '2025-08-10 05:33:30'),
(1754775213, 10.607146, 122.921325, '2025-08-10 05:33:33'),
(1754775216, 10.607153, 122.921325, '2025-08-10 05:33:36'),
(1754775219, 10.607156, 122.921325, '2025-08-10 05:33:39'),
(1754775222, 10.607152, 122.921325, '2025-08-10 05:33:42'),
(1754775458, 10.607057, 122.921264, '2025-08-10 05:37:38'),
(1754775461, 10.607068, 122.921272, '2025-08-10 05:37:41'),
(1754775464, 10.607076, 122.921279, '2025-08-10 05:37:44'),
(1754775467, 10.607095, 122.921287, '2025-08-10 05:37:47'),
(1754775470, 10.607107, 122.921295, '2025-08-10 05:37:50'),
(1754775473, 10.607112, 122.921302, '2025-08-10 05:37:53'),
(1754775476, 10.607114, 122.921302, '2025-08-10 05:37:56'),
(1754775479, 10.607117, 122.921302, '2025-08-10 05:37:59'),
(1754775482, 10.607118, 122.921302, '2025-08-10 05:38:02'),
(1754775485, 10.607125, 122.92131, '2025-08-10 05:38:05'),
(1754775488, 10.607126, 122.92131, '2025-08-10 05:38:08'),
(1754775491, 10.607131, 122.92131, '2025-08-10 05:38:11'),
(1754775494, 10.607134, 122.92131, '2025-08-10 05:38:14'),
(1754775497, 10.607143, 122.921318, '2025-08-10 05:38:17'),
(1754775500, 10.607144, 122.921318, '2025-08-10 05:38:20'),
(1754775503, 10.607144, 122.921318, '2025-08-10 05:38:23'),
(1754775506, 10.607141, 122.921318, '2025-08-10 05:38:26'),
(1754775509, 10.607136, 122.92131, '2025-08-10 05:38:29'),
(1754775512, 10.60713, 122.92131, '2025-08-10 05:38:32'),
(1754775515, 10.607129, 122.921302, '2025-08-10 05:38:35'),
(1754775518, 10.607128, 122.921302, '2025-08-10 05:38:38'),
(1754775521, 10.607125, 122.921302, '2025-08-10 05:38:41'),
(1754775524, 10.60712, 122.921295, '2025-08-10 05:38:44'),
(1754775527, 10.607113, 122.921287, '2025-08-10 05:38:47'),
(1754775530, 10.607105, 122.921279, '2025-08-10 05:38:50'),
(1754775533, 10.607099, 122.921279, '2025-08-10 05:38:53'),
(1754775536, 10.607097, 122.921279, '2025-08-10 05:38:56'),
(1754775539, 10.6071, 122.921279, '2025-08-10 05:38:59'),
(1754775542, 10.607101, 122.921279, '2025-08-10 05:39:02'),
(1754775545, 10.607103, 122.921279, '2025-08-10 05:39:05'),
(1754775548, 10.607102, 122.921287, '2025-08-10 05:39:08'),
(1754775551, 10.607103, 122.921287, '2025-08-10 05:39:11'),
(1754775554, 10.607104, 122.921279, '2025-08-10 05:39:14'),
(1754775557, 10.607106, 122.921287, '2025-08-10 05:39:17'),
(1754775560, 10.607107, 122.921287, '2025-08-10 05:39:20'),
(1754775563, 10.607109, 122.921287, '2025-08-10 05:39:23'),
(1754775566, 10.607108, 122.921287, '2025-08-10 05:39:26'),
(1754775569, 10.607108, 122.921279, '2025-08-10 05:39:29'),
(1754775572, 10.607104, 122.921279, '2025-08-10 05:39:32'),
(1754775575, 10.607101, 122.921279, '2025-08-10 05:39:35'),
(1754775578, 10.607103, 122.921279, '2025-08-10 05:39:38'),
(1754775581, 10.607108, 122.921279, '2025-08-10 05:39:41'),
(1754775584, 10.60711, 122.921279, '2025-08-10 05:39:44'),
(1754775587, 10.607122, 122.921295, '2025-08-10 05:39:47'),
(1754775590, 10.60715, 122.921333, '2025-08-10 05:39:50'),
(1754775593, 10.607157, 122.921325, '2025-08-10 05:39:53'),
(1754775596, 10.607172, 122.921333, '2025-08-10 05:39:56'),
(1754775599, 10.607172, 122.921333, '2025-08-10 05:39:59'),
(1754775602, 10.607169, 122.921348, '2025-08-10 05:40:02'),
(1754775605, 10.607169, 122.921371, '2025-08-10 05:40:05'),
(1754775608, 10.607159, 122.921386, '2025-08-10 05:40:08'),
(1754775611, 10.607162, 122.921371, '2025-08-10 05:40:11'),
(1754775614, 10.607173, 122.921432, '2025-08-10 05:40:14'),
(1754775617, 10.607145, 122.921401, '2025-08-10 05:40:17'),
(1754775620, 10.607122, 122.921409, '2025-08-10 05:40:20'),
(1754775623, 10.607112, 122.921417, '2025-08-10 05:40:23'),
(1754775626, 10.607096, 122.921417, '2025-08-10 05:40:26'),
(1754775629, 10.607083, 122.921409, '2025-08-10 05:40:29'),
(1754775632, 10.60707, 122.921401, '2025-08-10 05:40:32'),
(1754775635, 10.607069, 122.921401, '2025-08-10 05:40:35'),
(1754775638, 10.607069, 122.921401, '2025-08-10 05:40:38'),
(1754775641, 10.607066, 122.921394, '2025-08-10 05:40:41'),
(1754775644, 10.607066, 122.921379, '2025-08-10 05:40:44'),
(1754775647, 10.60706, 122.921363, '2025-08-10 05:40:47'),
(1754775650, 10.607062, 122.921356, '2025-08-10 05:40:50'),
(1754775653, 10.607068, 122.921348, '2025-08-10 05:40:53'),
(1754775656, 10.607074, 122.921363, '2025-08-10 05:40:56'),
(1754775659, 10.607076, 122.921356, '2025-08-10 05:40:59'),
(1754775662, 10.607083, 122.92134, '2025-08-10 05:41:02'),
(1754775665, 10.607094, 122.921287, '2025-08-10 05:41:05'),
(1754775668, 10.607103, 122.921234, '2025-08-10 05:41:08'),
(1754775671, 10.607102, 122.921218, '2025-08-10 05:41:11'),
(1754775674, 10.607101, 122.921211, '2025-08-10 05:41:14'),
(1754775677, 10.607092, 122.921195, '2025-08-10 05:41:17'),
(1754775680, 10.607085, 122.921188, '2025-08-10 05:41:20'),
(1754775683, 10.607082, 122.921203, '2025-08-10 05:41:23'),
(1754775686, 10.607058, 122.921211, '2025-08-10 05:41:26'),
(1754775689, 10.60706, 122.921234, '2025-08-10 05:41:29'),
(1754775692, 10.607075, 122.921249, '2025-08-10 05:41:32'),
(1754775695, 10.607083, 122.921257, '2025-08-10 05:41:35'),
(1754775698, 10.607106, 122.921295, '2025-08-10 05:41:38'),
(1754775701, 10.607109, 122.921302, '2025-08-10 05:41:41'),
(1754775704, 10.607111, 122.921302, '2025-08-10 05:41:44'),
(1754775707, 10.607132, 122.921333, '2025-08-10 05:41:47'),
(1754775710, 10.607129, 122.921318, '2025-08-10 05:41:50'),
(1754775713, 10.607119, 122.92131, '2025-08-10 05:41:53'),
(1754775716, 10.607112, 122.921302, '2025-08-10 05:41:56'),
(1754775719, 10.607099, 122.921295, '2025-08-10 05:41:59'),
(1754775722, 10.607087, 122.921295, '2025-08-10 05:42:02'),
(1754775725, 10.607083, 122.921295, '2025-08-10 05:42:05'),
(1754775728, 10.607074, 122.921295, '2025-08-10 05:42:08'),
(1754775731, 10.607079, 122.921295, '2025-08-10 05:42:11'),
(1754775734, 10.607079, 122.921295, '2025-08-10 05:42:14'),
(1754775737, 10.607078, 122.921295, '2025-08-10 05:42:17'),
(1754775740, 10.607074, 122.921295, '2025-08-10 05:42:20'),
(1754775743, 10.607069, 122.921287, '2025-08-10 05:42:23'),
(1754775746, 10.607082, 122.921302, '2025-08-10 05:42:26'),
(1754775749, 10.607084, 122.921302, '2025-08-10 05:42:29'),
(1754775752, 10.607092, 122.921302, '2025-08-10 05:42:32'),
(1754775755, 10.607086, 122.921295, '2025-08-10 05:42:35'),
(1754775758, 10.607076, 122.921287, '2025-08-10 05:42:38'),
(1754775761, 10.607067, 122.921279, '2025-08-10 05:42:41'),
(1754775764, 10.607059, 122.921272, '2025-08-10 05:42:44'),
(1754775767, 10.607065, 122.921279, '2025-08-10 05:42:47'),
(1754775770, 10.607071, 122.921287, '2025-08-10 05:42:50'),
(1754775773, 10.607068, 122.921279, '2025-08-10 05:42:53'),
(1754775776, 10.607059, 122.921272, '2025-08-10 05:42:56'),
(1754775779, 10.607057, 122.921272, '2025-08-10 05:42:59'),
(1754775782, 10.607067, 122.921279, '2025-08-10 05:43:02'),
(1754775785, 10.607077, 122.921279, '2025-08-10 05:43:05'),
(1754775788, 10.60708, 122.921279, '2025-08-10 05:43:08'),
(1754775791, 10.607082, 122.921279, '2025-08-10 05:43:11'),
(1754775794, 10.607081, 122.921279, '2025-08-10 05:43:14'),
(1754775797, 10.607081, 122.921279, '2025-08-10 05:43:17'),
(1754775800, 10.607086, 122.921279, '2025-08-10 05:43:20'),
(1754775803, 10.60709, 122.921279, '2025-08-10 05:43:23'),
(1754775806, 10.607093, 122.921279, '2025-08-10 05:43:26'),
(1754775809, 10.607089, 122.921272, '2025-08-10 05:43:29'),
(1754775812, 10.607091, 122.921264, '2025-08-10 05:43:32'),
(1754775815, 10.607091, 122.921264, '2025-08-10 05:43:35'),
(1754775818, 10.607093, 122.921264, '2025-08-10 05:43:38'),
(1754775821, 10.607097, 122.921264, '2025-08-10 05:43:41'),
(1754775824, 10.607098, 122.921264, '2025-08-10 05:43:44'),
(1754775827, 10.6071, 122.921264, '2025-08-10 05:43:47'),
(1754775830, 10.607101, 122.921264, '2025-08-10 05:43:50'),
(1754775833, 10.607106, 122.921264, '2025-08-10 05:43:53'),
(1754775836, 10.607104, 122.921264, '2025-08-10 05:43:56'),
(1754775839, 10.607102, 122.921264, '2025-08-10 05:43:59'),
(1754775842, 10.607102, 122.921257, '2025-08-10 05:44:02'),
(1754775845, 10.607092, 122.921241, '2025-08-10 05:44:05'),
(1754775848, 10.607089, 122.921241, '2025-08-10 05:44:08'),
(1754775851, 10.607089, 122.921241, '2025-08-10 05:44:11'),
(1754775853, 10.607089, 122.921249, '2025-08-10 05:44:13'),
(1754775856, 10.607089, 122.921241, '2025-08-10 05:44:16'),
(1754775859, 10.607085, 122.921234, '2025-08-10 05:44:19'),
(1754775862, 10.607086, 122.921234, '2025-08-10 05:44:22'),
(1754775865, 10.607088, 122.921234, '2025-08-10 05:44:25'),
(1754775868, 10.607089, 122.921241, '2025-08-10 05:44:28'),
(1754775871, 10.607086, 122.921241, '2025-08-10 05:44:31'),
(1754775874, 10.607085, 122.921234, '2025-08-10 05:44:34'),
(1754775877, 10.607083, 122.921241, '2025-08-10 05:44:37'),
(1754775880, 10.607084, 122.921241, '2025-08-10 05:44:40'),
(1754775883, 10.607085, 122.921241, '2025-08-10 05:44:43'),
(1754775886, 10.607074, 122.921249, '2025-08-10 05:44:46'),
(1754775889, 10.607074, 122.921241, '2025-08-10 05:44:49'),
(1754775892, 10.607072, 122.921249, '2025-08-10 05:44:52'),
(1754775895, 10.607072, 122.921257, '2025-08-10 05:44:55'),
(1754775898, 10.607073, 122.921264, '2025-08-10 05:44:58'),
(1754775901, 10.607076, 122.921249, '2025-08-10 05:45:01'),
(1754775904, 10.607077, 122.921257, '2025-08-10 05:45:04'),
(1754775907, 10.607075, 122.921249, '2025-08-10 05:45:07'),
(1754775910, 10.60708, 122.921249, '2025-08-10 05:45:10'),
(1754775913, 10.607077, 122.921257, '2025-08-10 05:45:13'),
(1754775916, 10.607078, 122.921257, '2025-08-10 05:45:16'),
(1754775919, 10.607078, 122.921257, '2025-08-10 05:45:19'),
(1754775922, 10.607074, 122.921257, '2025-08-10 05:45:22'),
(1754775925, 10.607074, 122.921264, '2025-08-10 05:45:25'),
(1754775928, 10.607075, 122.921257, '2025-08-10 05:45:28'),
(1754775931, 10.607076, 122.921249, '2025-08-10 05:45:31'),
(1754775934, 10.607078, 122.921257, '2025-08-10 05:45:34'),
(1754775937, 10.607082, 122.921257, '2025-08-10 05:45:37'),
(1754775940, 10.607086, 122.921257, '2025-08-10 05:45:40'),
(1754775943, 10.607089, 122.921257, '2025-08-10 05:45:43'),
(1754775946, 10.60709, 122.921264, '2025-08-10 05:45:46'),
(1754775949, 10.60709, 122.921279, '2025-08-10 05:45:49'),
(1754775952, 10.607099, 122.921287, '2025-08-10 05:45:52'),
(1754775955, 10.607103, 122.921287, '2025-08-10 05:45:55'),
(1754775958, 10.607108, 122.921295, '2025-08-10 05:45:58'),
(1754775961, 10.607112, 122.921295, '2025-08-10 05:46:01'),
(1754775964, 10.607113, 122.921295, '2025-08-10 05:46:04'),
(1754775967, 10.607114, 122.921302, '2025-08-10 05:46:07'),
(1754775970, 10.607121, 122.921302, '2025-08-10 05:46:10'),
(1754775973, 10.607125, 122.921302, '2025-08-10 05:46:13'),
(1754775975, 10.607125, 0, '2025-08-10 05:46:15'),
(1754775978, 10.607128, 122.92131, '2025-08-10 05:46:18'),
(1754775981, 10.60713, 122.92131, '2025-08-10 05:46:21'),
(1754775984, 10.607128, 122.921302, '2025-08-10 05:46:24'),
(1754775987, 10.607124, 122.921287, '2025-08-10 05:46:27'),
(1754775990, 10.607118, 122.921302, '2025-08-10 05:46:30'),
(1754775992, 10.607118, 122.921302, '2025-08-10 05:46:32'),
(1754775995, 10.607115, 122.92131, '2025-08-10 05:46:35'),
(1754775998, 10.607114, 122.92131, '2025-08-10 05:46:38'),
(1754776001, 10.60711, 122.921302, '2025-08-10 05:46:41'),
(1754776003, 10.60711, 0, '2025-08-10 05:46:43'),
(1754776006, 10.60711, 122.921295, '2025-08-10 05:46:46'),
(1754776009, 10.60711, 122.921279, '2025-08-10 05:46:49'),
(1754776012, 10.607113, 122.921279, '2025-08-10 05:46:52'),
(1754776015, 10.607112, 122.921287, '2025-08-10 05:46:55'),
(1754776018, 10.60711, 122.921295, '2025-08-10 05:46:58'),
(1754776021, 10.607111, 122.921287, '2025-08-10 05:47:01'),
(1754776024, 10.607114, 122.921279, '2025-08-10 05:47:04'),
(1754776027, 10.60711, 122.92131, '2025-08-10 05:47:07'),
(1754776030, 10.607112, 122.921295, '2025-08-10 05:47:10'),
(1754776033, 10.60711, 122.921295, '2025-08-10 05:47:13'),
(1754776036, 10.607106, 122.921287, '2025-08-10 05:47:16'),
(1754776039, 10.607105, 122.921279, '2025-08-10 05:47:19'),
(1754776042, 10.607103, 122.921272, '2025-08-10 05:47:22'),
(1754776045, 10.607097, 122.921287, '2025-08-10 05:47:25'),
(1754776048, 10.607094, 122.921295, '2025-08-10 05:47:28'),
(1754776051, 10.607093, 122.921295, '2025-08-10 05:47:31'),
(1754776054, 10.607089, 122.921302, '2025-08-10 05:47:34'),
(1754776057, 10.607084, 122.921318, '2025-08-10 05:47:37'),
(1754776060, 10.607082, 122.921333, '2025-08-10 05:47:40'),
(1754776063, 10.607084, 122.921325, '2025-08-10 05:47:43'),
(1754776066, 10.607074, 122.921325, '2025-08-10 05:47:46');
INSERT INTO `gps_location` (`location_id`, `latitude`, `longitude`, `timestamp`) VALUES
(1754776069, 10.607073, 122.921318, '2025-08-10 05:47:49'),
(1754776072, 10.607073, 122.92131, '2025-08-10 05:47:52'),
(1754776075, 10.607076, 122.921302, '2025-08-10 05:47:55'),
(1754776078, 10.607081, 122.921295, '2025-08-10 05:47:58'),
(1754776081, 10.60708, 122.921295, '2025-08-10 05:48:01'),
(1754776084, 10.607082, 122.921295, '2025-08-10 05:48:04'),
(1754776087, 10.607085, 122.921295, '2025-08-10 05:48:07'),
(1754776090, 10.607087, 122.921302, '2025-08-10 05:48:10'),
(1754776093, 10.607087, 122.921295, '2025-08-10 05:48:13'),
(1754776096, 10.607086, 122.921295, '2025-08-10 05:48:16'),
(1754776099, 10.607084, 122.921287, '2025-08-10 05:48:19'),
(1754776102, 10.607081, 122.921287, '2025-08-10 05:48:22'),
(1754776105, 10.607079, 122.921272, '2025-08-10 05:48:25'),
(1754776108, 10.607075, 122.921272, '2025-08-10 05:48:28'),
(1754776111, 10.607068, 122.921272, '2025-08-10 05:48:31'),
(1754776114, 10.607064, 122.921264, '2025-08-10 05:48:34'),
(1754776117, 10.607061, 122.921264, '2025-08-10 05:48:37'),
(1754776120, 10.607062, 122.921272, '2025-08-10 05:48:40'),
(1754776123, 10.607064, 122.921279, '2025-08-10 05:48:43'),
(1754776126, 10.607063, 122.921279, '2025-08-10 05:48:46'),
(1754776129, 10.607064, 122.921287, '2025-08-10 05:48:49'),
(1754776132, 10.607067, 122.921295, '2025-08-10 05:48:52'),
(1754776135, 10.607069, 122.921295, '2025-08-10 05:48:55'),
(1754776138, 10.607069, 122.921295, '2025-08-10 05:48:58'),
(1754776141, 10.607072, 122.921295, '2025-08-10 05:49:01'),
(1754776144, 10.60707, 122.921295, '2025-08-10 05:49:04'),
(1754776147, 10.607073, 122.921295, '2025-08-10 05:49:07'),
(1754776150, 10.607074, 122.921287, '2025-08-10 05:49:10'),
(1754776153, 10.607078, 122.921302, '2025-08-10 05:49:13'),
(1754776156, 10.607075, 122.921302, '2025-08-10 05:49:16'),
(1754776159, 10.607077, 122.921302, '2025-08-10 05:49:19'),
(1754776162, 10.607076, 122.92131, '2025-08-10 05:49:22'),
(1754776165, 10.607075, 122.921295, '2025-08-10 05:49:25'),
(1754776168, 10.607075, 122.921295, '2025-08-10 05:49:28'),
(1754776171, 10.607074, 122.921302, '2025-08-10 05:49:31'),
(1754776174, 10.607074, 122.921302, '2025-08-10 05:49:34'),
(1754776177, 10.607072, 122.921302, '2025-08-10 05:49:37'),
(1754776180, 10.607069, 122.921302, '2025-08-10 05:49:40'),
(1754776183, 10.60707, 122.921295, '2025-08-10 05:49:43'),
(1754776186, 10.60708, 122.921318, '2025-08-10 05:49:46'),
(1754776189, 10.607086, 122.921325, '2025-08-10 05:49:49'),
(1754776192, 10.607089, 122.921333, '2025-08-10 05:49:52'),
(1754776195, 10.607094, 122.921333, '2025-08-10 05:49:55'),
(1754776198, 10.607094, 122.92134, '2025-08-10 05:49:58'),
(1754776201, 10.607098, 122.921348, '2025-08-10 05:50:01'),
(1754776204, 10.607097, 122.921356, '2025-08-10 05:50:04'),
(1754776207, 10.607092, 122.921348, '2025-08-10 05:50:07'),
(1754776210, 10.607088, 122.921363, '2025-08-10 05:50:10'),
(1754776213, 10.607093, 122.921379, '2025-08-10 05:50:13'),
(1754776216, 10.607089, 122.921371, '2025-08-10 05:50:16'),
(1754776219, 10.607088, 122.921356, '2025-08-10 05:50:19'),
(1754776222, 10.607085, 122.921348, '2025-08-10 05:50:22'),
(1754776225, 10.60708, 122.921325, '2025-08-10 05:50:25'),
(1754776228, 10.607076, 122.921318, '2025-08-10 05:50:28'),
(1754776231, 10.607073, 122.92134, '2025-08-10 05:50:31'),
(1754776234, 10.60707, 122.921348, '2025-08-10 05:50:34'),
(1754776237, 10.607069, 122.921325, '2025-08-10 05:50:37'),
(1754776240, 10.607065, 122.921318, '2025-08-10 05:50:40'),
(1754776243, 10.607069, 122.921302, '2025-08-10 05:50:43'),
(1754776245, 10.607069, 0, '2025-08-10 05:50:45'),
(1754776248, 10.607079, 122.921272, '2025-08-10 05:50:48'),
(1754776251, 10.607079, 122.921272, '2025-08-10 05:50:51'),
(1754776254, 10.60708, 122.921272, '2025-08-10 05:50:54'),
(1754776257, 10.607086, 122.921279, '2025-08-10 05:50:57'),
(1754776260, 10.607094, 122.921279, '2025-08-10 05:51:00'),
(1754776263, 10.607098, 122.921287, '2025-08-10 05:51:03'),
(1754776266, 10.607099, 122.921295, '2025-08-10 05:51:06'),
(1754776269, 10.607096, 122.921287, '2025-08-10 05:51:09'),
(1754776272, 10.607091, 122.921279, '2025-08-10 05:51:12'),
(1754776275, 10.607099, 122.921295, '2025-08-10 05:51:15'),
(1754776278, 10.607097, 122.92131, '2025-08-10 05:51:18'),
(1754776281, 10.60709, 122.921302, '2025-08-10 05:51:21'),
(1754776284, 10.60709, 122.921302, '2025-08-10 05:51:24'),
(1754776287, 10.607089, 122.921295, '2025-08-10 05:51:27'),
(1754776289, 10.607089, 0, '2025-08-10 05:51:29'),
(1754776292, 10.607092, 122.92131, '2025-08-10 05:51:32'),
(1754776295, 10.607101, 122.92131, '2025-08-10 05:51:35'),
(1754776298, 10.607117, 122.921318, '2025-08-10 05:51:38'),
(1754776301, 10.607119, 122.921318, '2025-08-10 05:51:41'),
(1754776304, 10.607116, 122.921325, '2025-08-10 05:51:44'),
(1754776307, 10.607116, 122.921325, '2025-08-10 05:51:47'),
(1754776310, 10.60713, 122.921333, '2025-08-10 05:51:50'),
(1754776313, 10.607129, 122.92134, '2025-08-10 05:51:53'),
(1754776316, 10.607126, 122.92134, '2025-08-10 05:51:56'),
(1754776319, 10.607127, 122.92134, '2025-08-10 05:51:59'),
(1754776322, 10.607125, 122.921333, '2025-08-10 05:52:02'),
(1754776325, 10.60711, 122.921318, '2025-08-10 05:52:05'),
(1754776328, 10.607099, 122.921302, '2025-08-10 05:52:08'),
(1754776331, 10.607096, 122.921302, '2025-08-10 05:52:11'),
(1754776334, 10.607089, 122.921295, '2025-08-10 05:52:14'),
(1754776337, 10.607088, 122.921295, '2025-08-10 05:52:17'),
(1754776340, 10.607086, 122.921295, '2025-08-10 05:52:20'),
(1754776343, 10.607082, 122.921287, '2025-08-10 05:52:23'),
(1754776346, 10.607072, 122.921279, '2025-08-10 05:52:26'),
(1754776349, 10.60707, 122.921287, '2025-08-10 05:52:29'),
(1754776352, 10.607069, 122.921287, '2025-08-10 05:52:32'),
(1754776355, 10.607071, 122.921287, '2025-08-10 05:52:35'),
(1754776358, 10.607076, 122.921295, '2025-08-10 05:52:38'),
(1754776361, 10.607076, 122.921287, '2025-08-10 05:52:41'),
(1754776364, 10.607075, 122.921287, '2025-08-10 05:52:44'),
(1754776367, 10.607078, 122.921287, '2025-08-10 05:52:47'),
(1754776370, 10.607073, 122.921287, '2025-08-10 05:52:50'),
(1754776373, 10.607066, 122.921279, '2025-08-10 05:52:53'),
(1754776376, 10.607062, 122.921279, '2025-08-10 05:52:56'),
(1754776379, 10.607059, 122.921287, '2025-08-10 05:52:59'),
(1754776382, 10.607056, 122.921295, '2025-08-10 05:53:02'),
(1754776385, 10.607057, 122.921295, '2025-08-10 05:53:05'),
(1754776388, 10.607062, 122.921302, '2025-08-10 05:53:08'),
(1754776391, 10.607056, 122.921325, '2025-08-10 05:53:11'),
(1754776394, 10.607048, 122.92134, '2025-08-10 05:53:14'),
(1754776397, 10.607044, 122.921333, '2025-08-10 05:53:17'),
(1754776400, 10.607045, 122.921325, '2025-08-10 05:53:20'),
(1754776403, 10.607052, 122.921325, '2025-08-10 05:53:23'),
(1754776406, 10.607056, 122.921318, '2025-08-10 05:53:26'),
(1754776409, 10.607058, 122.92131, '2025-08-10 05:53:29'),
(1754776412, 10.60706, 122.921302, '2025-08-10 05:53:32'),
(1754776415, 10.607066, 122.921295, '2025-08-10 05:53:35'),
(1754776418, 10.607064, 122.921302, '2025-08-10 05:53:38'),
(1754776421, 10.607068, 122.921295, '2025-08-10 05:53:41'),
(1754776424, 10.607073, 122.921302, '2025-08-10 05:53:44'),
(1754776427, 10.607078, 122.921295, '2025-08-10 05:53:47'),
(1754776430, 10.607076, 122.921272, '2025-08-10 05:53:50'),
(1754776433, 10.607077, 122.921264, '2025-08-10 05:53:53'),
(1754776436, 10.607083, 122.921249, '2025-08-10 05:53:56'),
(1754776439, 10.607074, 122.921249, '2025-08-10 05:53:59'),
(1754776442, 10.607079, 122.921257, '2025-08-10 05:54:02'),
(1754776445, 10.607087, 122.921272, '2025-08-10 05:54:05'),
(1754776448, 10.60709, 122.921272, '2025-08-10 05:54:08'),
(1754776451, 10.607089, 122.921272, '2025-08-10 05:54:11'),
(1754776454, 10.607091, 122.921279, '2025-08-10 05:54:14'),
(1754776457, 10.607091, 122.921279, '2025-08-10 05:54:17'),
(1754776460, 10.607097, 122.921287, '2025-08-10 05:54:20'),
(1754776463, 10.607099, 122.921295, '2025-08-10 05:54:23'),
(1754776466, 10.607099, 122.92131, '2025-08-10 05:54:26'),
(1754776469, 10.607108, 122.921318, '2025-08-10 05:54:29'),
(1754776472, 10.607119, 122.921318, '2025-08-10 05:54:32'),
(1754776475, 10.60712, 122.921318, '2025-08-10 05:54:35'),
(1754776478, 10.607125, 122.921325, '2025-08-10 05:54:38'),
(1754776481, 10.607125, 122.921325, '2025-08-10 05:54:41'),
(1754776484, 10.607112, 122.92131, '2025-08-10 05:54:44'),
(1754776487, 10.607103, 122.92131, '2025-08-10 05:54:47'),
(1754776490, 10.607099, 122.921295, '2025-08-10 05:54:50'),
(1754776493, 10.6071, 122.921295, '2025-08-10 05:54:53'),
(1754776496, 10.607098, 122.921295, '2025-08-10 05:54:56'),
(1754776499, 10.607092, 122.92131, '2025-08-10 05:54:59'),
(1754776502, 10.607098, 122.921302, '2025-08-10 05:55:02'),
(1754776505, 10.607103, 122.921287, '2025-08-10 05:55:05');

-- --------------------------------------------------------

--
-- Table structure for table `maintenance_table`
--

CREATE TABLE `maintenance_table` (
  `maintenance_id` int(11) NOT NULL,
  `m_name` varchar(225) NOT NULL,
  `m_date` date NOT NULL,
  `m_time` time NOT NULL,
  `status` varchar(11) NOT NULL,
  `waste_service_id` int(6) NOT NULL
) ENGINE=InnoDB DEFAULT CHARSET=utf8mb4 COLLATE=utf8mb4_general_ci;

--
-- Dumping data for table `maintenance_table`
--

INSERT INTO `maintenance_table` (`maintenance_id`, `m_name`, `m_date`, `m_time`, `status`, `waste_service_id`) VALUES
(14, 'Vehicle 1', '2025-09-25', '08:00:00', 'Completed', 1);

-- --------------------------------------------------------

--
-- Table structure for table `monthly_waste_table`
--

CREATE TABLE `monthly_waste_table` (
  `id` int(11) NOT NULL,
  `date` date NOT NULL,
  `weight` decimal(8,2) NOT NULL,
  `status` enum('collected','pending','missed') DEFAULT 'collected'
) ENGINE=InnoDB DEFAULT CHARSET=utf8mb4 COLLATE=utf8mb4_general_ci;

-- --------------------------------------------------------

--
-- Table structure for table `past_events_log`
--

CREATE TABLE `past_events_log` (
  `log_id` int(11) NOT NULL,
  `original_id` varchar(50) NOT NULL,
  `type` enum('Event','Maintenance','ClientRequest') NOT NULL,
  `name` varchar(255) NOT NULL,
  `date` date NOT NULL,
  `time` time NOT NULL,
  `created_at` timestamp NOT NULL DEFAULT current_timestamp()
) ENGINE=InnoDB DEFAULT CHARSET=utf8mb4 COLLATE=utf8mb4_general_ci;

--
-- Dumping data for table `past_events_log`
--

INSERT INTO `past_events_log` (`log_id`, `original_id`, `type`, `name`, `date`, `time`, `created_at`) VALUES
(1, 'event_45', 'Event', 'Tanginaaa', '2025-08-15', '14:00:00', '2025-08-18 17:18:17'),
(2, 'maint_15', 'Maintenance', 'Vehicle 1', '2025-08-21', '09:00:00', '2025-08-21 15:26:23'),
(3, 'event_47', 'Event', 'Camping', '2025-08-21', '10:00:00', '2025-08-21 15:26:39'),
(4, 'maint_14', 'Maintenance', ' Vehicle 1', '2025-08-30', '08:00:00', '2025-09-10 08:17:41'),
(5, 'event_48', 'Event', 'Cutting of ', '2025-10-03', '11:00:00', '2025-10-05 12:47:51');

-- --------------------------------------------------------

--
-- Table structure for table `route_table`
--

CREATE TABLE `route_table` (
  `route_id` int(225) NOT NULL,
  `brgy_id` int(225) NOT NULL,
  `waste_service_id` int(225) NOT NULL,
  `driver_id` int(11) NOT NULL,
  `start_point` varchar(225) NOT NULL,
  `end_point` varchar(225) NOT NULL
) ENGINE=InnoDB DEFAULT CHARSET=utf8mb4 COLLATE=utf8mb4_general_ci;

--
-- Dumping data for table `route_table`
--

INSERT INTO `route_table` (`route_id`, `brgy_id`, `waste_service_id`, `driver_id`, `start_point`, `end_point`) VALUES
(1, 14, 1, 1, 'Bago City Hall', 'Sum ag');

-- --------------------------------------------------------

--
-- Table structure for table `schedule_table`
--

CREATE TABLE `schedule_table` (
  `schedule_id` int(11) NOT NULL,
  `event_name` varchar(11) NOT NULL,
  `day` varchar(225) NOT NULL,
  `time` time NOT NULL,
  `status` varchar(225) NOT NULL,
  `waste_service_id` int(11) NOT NULL
) ENGINE=InnoDB DEFAULT CHARSET=utf8mb4 COLLATE=utf8mb4_general_ci;

--
-- Dumping data for table `schedule_table`
--

INSERT INTO `schedule_table` (`schedule_id`, `event_name`, `day`, `time`, `status`, `waste_service_id`) VALUES
(45, 'Drainage Ma', '2025-08-15', '14:00:00', 'Completed', 0),
(48, 'Cutting of ', '2025-10-03', '11:00:00', 'Completed', 0),
(49, 'Grass-Cutti', '2025-10-14', '08:00:00', 'Scheduled', 0);

-- --------------------------------------------------------

--
-- Table structure for table `sensor`
--

CREATE TABLE `sensor` (
  `id` int(11) NOT NULL,
  `sensor_id` int(11) NOT NULL,
  `count` int(225) NOT NULL,
  `brgy_id` int(11) NOT NULL,
  `location_id` int(11) NOT NULL,
  `timestamp` datetime NOT NULL DEFAULT current_timestamp(),
  `distance` float DEFAULT NULL
) ENGINE=InnoDB DEFAULT CHARSET=utf8mb4 COLLATE=utf8mb4_general_ci;

--
-- Dumping data for table `sensor`
--

INSERT INTO `sensor` (`id`, `sensor_id`, `count`, `brgy_id`, `location_id`, `timestamp`, `distance`) VALUES
(2, 1, 350, 1, 1754767868, '2025-07-16 21:38:21', NULL),
(3, 1, 320, 1, 1754767868, '2025-08-04 05:00:00', NULL),
(4, 1, 410, 20, 1754767868, '2025-08-05 05:00:00', NULL),
(11, 1, 500, 6, 1754767868, '2025-08-11 05:00:00', NULL),
(12, 1, 250, 0, 1754767868, '2025-08-12 05:00:00', NULL),
(13, 1, 350, 0, 1754767868, '2025-08-13 05:00:00', NULL),
(14, 1, 500, 0, 1754767868, '2025-08-14 05:00:00', NULL),
(15, 1, 460, 0, 1754767868, '2025-08-15 05:00:00', NULL),
(18, 1, 500, 0, 0, '2025-08-20 03:24:02', NULL),
(19, 1, 100, 0, 0, '2025-08-17 23:57:28', NULL),
(20, 1, 3, 1, 1, '2025-09-01 08:30:00', NULL),
(21, 1, 2, 1, 1, '2025-09-02 09:15:00', NULL),
(22, 1, 4, 1, 2, '2025-09-02 10:20:00', NULL),
(23, 1, 5, 1, 2, '2025-09-05 11:45:00', NULL),
(24, 1, 1, 2, 3, '2025-09-07 14:10:00', NULL),
(25, 1, 3, 2, 3, '2025-09-10 16:25:00', NULL),
(26, 1, 550, 1, 1754767868, '2025-09-11 20:53:28', NULL),
(27, 1, 900, 19, 0, '2025-10-06 08:00:42', NULL),
(28, 1, 890, 19, 0, '2025-10-07 08:11:05', NULL),
(29, 1, 450, 19, 0, '2025-10-08 11:11:41', NULL),
(30, 1, 250, 1, 0, '2025-10-08 22:24:46', NULL),
(31, 1, 300, 2, 0, '2025-10-08 22:26:37', NULL);

-- --------------------------------------------------------

--
-- Table structure for table `service_assignment_table`
--

CREATE TABLE `service_assignment_table` (
  `service_ass_id` int(11) NOT NULL,
  `waste_service_id` int(11) NOT NULL,
  `vehicle_type` varchar(225) NOT NULL,
  `schedule_id` int(225) NOT NULL,
  `brgy_id` int(11) NOT NULL
) ENGINE=InnoDB DEFAULT CHARSET=utf8mb4 COLLATE=utf8mb4_general_ci;

--
-- Dumping data for table `service_assignment_table`
--

INSERT INTO `service_assignment_table` (`service_ass_id`, `waste_service_id`, `vehicle_type`, `schedule_id`, `brgy_id`) VALUES
(1, 1, 'Dump Truck', 1, 12);

-- --------------------------------------------------------

--
-- Table structure for table `service_schedules`
--

CREATE TABLE `service_schedules` (
  `id` int(11) NOT NULL,
  `date` date NOT NULL,
  `status` enum('available','unavailable','maintenance') DEFAULT 'available',
  `reason` varchar(255) DEFAULT NULL,
  `created_by` int(11) DEFAULT NULL,
  `created_at` datetime DEFAULT current_timestamp()
) ENGINE=InnoDB DEFAULT CHARSET=utf8mb4 COLLATE=utf8mb4_unicode_ci;

--
-- Dumping data for table `service_schedules`
--

INSERT INTO `service_schedules` (`id`, `date`, `status`, `reason`, `created_by`, `created_at`) VALUES
(1, '2024-01-06', 'unavailable', 'Weekend', NULL, '2025-08-06 01:46:52'),
(2, '2024-01-07', 'unavailable', 'Weekend', NULL, '2025-08-06 01:46:52'),
(3, '2024-01-13', 'unavailable', 'Weekend', NULL, '2025-08-06 01:46:52'),
(4, '2024-01-14', 'unavailable', 'Weekend', NULL, '2025-08-06 01:46:52'),
(5, '2024-01-20', 'unavailable', 'Weekend', NULL, '2025-08-06 01:46:52'),
(6, '2024-01-21', 'unavailable', 'Weekend', NULL, '2025-08-06 01:46:52'),
(7, '2024-01-27', 'unavailable', 'Weekend', NULL, '2025-08-06 01:46:52'),
(8, '2024-01-28', 'unavailable', 'Weekend', NULL, '2025-08-06 01:46:52'),
(9, '2024-02-03', 'unavailable', 'Weekend', NULL, '2025-08-06 01:46:52'),
(10, '2024-02-04', 'unavailable', 'Weekend', NULL, '2025-08-06 01:46:52'),
(11, '2024-02-10', 'unavailable', 'Weekend', NULL, '2025-08-06 01:46:52'),
(12, '2024-02-11', 'unavailable', 'Weekend', NULL, '2025-08-06 01:46:52'),
(13, '2024-02-17', 'unavailable', 'Weekend', NULL, '2025-08-06 01:46:52'),
(14, '2024-02-18', 'unavailable', 'Weekend', NULL, '2025-08-06 01:46:52'),
(15, '2024-02-24', 'unavailable', 'Weekend', NULL, '2025-08-06 01:46:52'),
(16, '2024-02-25', 'unavailable', 'Weekend', NULL, '2025-08-06 01:46:52');

-- --------------------------------------------------------

--
-- Table structure for table `tracking_table`
--

CREATE TABLE `tracking_table` (
  `tracking_id` int(225) NOT NULL,
  `route_id` int(225) NOT NULL,
  `status` varchar(225) NOT NULL,
  `date_time` datetime NOT NULL,
  `location_id` int(225) NOT NULL
) ENGINE=InnoDB DEFAULT CHARSET=utf8mb4 COLLATE=utf8mb4_general_ci;

-- --------------------------------------------------------

--
-- Table structure for table `waste_collection_table`
--

CREATE TABLE `waste_collection_table` (
  `waste_collection_id` int(11) NOT NULL,
  `day` varchar(225) NOT NULL,
  `time` time NOT NULL,
  `waste_service_id` int(11) NOT NULL,
  `status` varchar(225) NOT NULL
) ENGINE=InnoDB DEFAULT CHARSET=utf8mb4 COLLATE=utf8mb4_general_ci;

--
-- Dumping data for table `waste_collection_table`
--

INSERT INTO `waste_collection_table` (`waste_collection_id`, `day`, `time`, `waste_service_id`, `status`) VALUES
(18, 'Monday', '08:00:00', 1, 'Morning'),
(19, 'Tuesday', '13:00:00', 1, 'Afternoon'),
(20, 'Thursday', '08:00:00', 1, 'Morning'),
(21, 'Saturday', '13:00:00', 1, 'Afternoon');

-- --------------------------------------------------------

--
-- Table structure for table `waste_management`
--

CREATE TABLE `waste_management` (
  `waste_management_id` int(11) NOT NULL,
  `waste_collection_id` int(11) NOT NULL,
  `dump_id` int(11) NOT NULL
) ENGINE=InnoDB DEFAULT CHARSET=utf8mb4 COLLATE=utf8mb4_general_ci;

-- --------------------------------------------------------

--
-- Table structure for table `waste_service_table`
--

CREATE TABLE `waste_service_table` (
  `waste_service_id` int(6) NOT NULL,
  `vehicle_name` varchar(225) NOT NULL,
  `driver_id` int(11) NOT NULL,
  `vehicle_capacity` varchar(225) NOT NULL,
  `schedule_id` int(225) NOT NULL,
  `maintenance_id` int(225) NOT NULL,
  `route_id` int(11) NOT NULL,
  `plate_no` int(225) NOT NULL
) ENGINE=InnoDB DEFAULT CHARSET=utf8mb4 COLLATE=utf8mb4_general_ci;

--
-- Dumping data for table `waste_service_table`
--

INSERT INTO `waste_service_table` (`waste_service_id`, `vehicle_name`, `driver_id`, `vehicle_capacity`, `schedule_id`, `maintenance_id`, `route_id`, `plate_no`) VALUES
(1, 'Vehicle 1', 1, '3 - 5 tons', 1, 2, 1, 3210);

--
-- Indexes for dumped tables
--

--
-- Indexes for table `admin_notifications`
--
ALTER TABLE `admin_notifications`
  ADD PRIMARY KEY (`id`),
  ADD KEY `notification_type` (`notification_type`),
  ADD KEY `is_read` (`is_read`),
  ADD KEY `client_id` (`client_id`),
  ADD KEY `request_id` (`request_id`);

--
-- Indexes for table `admin_table`
--
ALTER TABLE `admin_table`
  ADD PRIMARY KEY (`admin_id`);

--
-- Indexes for table `barangays_table`
--
ALTER TABLE `barangays_table`
  ADD PRIMARY KEY (`brgy_id`);

--
-- Indexes for table `client_notifications`
--
ALTER TABLE `client_notifications`
  ADD PRIMARY KEY (`id`),
  ADD KEY `client_id` (`client_id`),
  ADD KEY `notification_type` (`notification_type`),
  ADD KEY `is_read` (`is_read`);

--
-- Indexes for table `client_requests`
--
ALTER TABLE `client_requests`
  ADD PRIMARY KEY (`id`),
  ADD UNIQUE KEY `request_id` (`request_id`),
  ADD KEY `client_id` (`client_id`),
  ADD KEY `status` (`status`),
  ADD KEY `request_date` (`request_date`);

--
-- Indexes for table `client_table`
--
ALTER TABLE `client_table`
  ADD PRIMARY KEY (`client_id`);

--
-- Indexes for table `driver_table`
--
ALTER TABLE `driver_table`
  ADD PRIMARY KEY (`driver_id`);

--
-- Indexes for table `dumpsite_table`
--
ALTER TABLE `dumpsite_table`
  ADD PRIMARY KEY (`dump_id`);

--
-- Indexes for table `gps_location`
--
ALTER TABLE `gps_location`
  ADD PRIMARY KEY (`location_id`);

--
-- Indexes for table `maintenance_table`
--
ALTER TABLE `maintenance_table`
  ADD PRIMARY KEY (`maintenance_id`);

--
-- Indexes for table `monthly_waste_table`
--
ALTER TABLE `monthly_waste_table`
  ADD PRIMARY KEY (`id`);

--
-- Indexes for table `past_events_log`
--
ALTER TABLE `past_events_log`
  ADD PRIMARY KEY (`log_id`);

--
-- Indexes for table `route_table`
--
ALTER TABLE `route_table`
  ADD PRIMARY KEY (`route_id`);

--
-- Indexes for table `schedule_table`
--
ALTER TABLE `schedule_table`
  ADD PRIMARY KEY (`schedule_id`);

--
-- Indexes for table `sensor`
--
ALTER TABLE `sensor`
  ADD PRIMARY KEY (`id`),
  ADD KEY `idx_sensor_id` (`sensor_id`),
  ADD KEY `idx_timestamp` (`timestamp`);

--
-- Indexes for table `service_assignment_table`
--
ALTER TABLE `service_assignment_table`
  ADD PRIMARY KEY (`service_ass_id`);

--
-- Indexes for table `service_schedules`
--
ALTER TABLE `service_schedules`
  ADD PRIMARY KEY (`id`),
  ADD UNIQUE KEY `date` (`date`),
  ADD KEY `status` (`status`);

--
-- Indexes for table `tracking_table`
--
ALTER TABLE `tracking_table`
  ADD PRIMARY KEY (`tracking_id`);

--
-- Indexes for table `waste_collection_table`
--
ALTER TABLE `waste_collection_table`
  ADD PRIMARY KEY (`waste_collection_id`);

--
-- Indexes for table `waste_management`
--
ALTER TABLE `waste_management`
  ADD PRIMARY KEY (`waste_management_id`);

--
-- Indexes for table `waste_service_table`
--
ALTER TABLE `waste_service_table`
  ADD PRIMARY KEY (`waste_service_id`);

--
-- AUTO_INCREMENT for dumped tables
--

--
-- AUTO_INCREMENT for table `admin_notifications`
--
ALTER TABLE `admin_notifications`
  MODIFY `id` int(11) NOT NULL AUTO_INCREMENT, AUTO_INCREMENT=42;

--
-- AUTO_INCREMENT for table `admin_table`
--
ALTER TABLE `admin_table`
  MODIFY `admin_id` int(11) NOT NULL AUTO_INCREMENT, AUTO_INCREMENT=7;

--
-- AUTO_INCREMENT for table `barangays_table`
--
ALTER TABLE `barangays_table`
  MODIFY `brgy_id` int(24) NOT NULL AUTO_INCREMENT, AUTO_INCREMENT=35;

--
-- AUTO_INCREMENT for table `client_notifications`
--
ALTER TABLE `client_notifications`
  MODIFY `id` int(11) NOT NULL AUTO_INCREMENT, AUTO_INCREMENT=14;

--
-- AUTO_INCREMENT for table `client_requests`
--
ALTER TABLE `client_requests`
  MODIFY `id` int(11) NOT NULL AUTO_INCREMENT, AUTO_INCREMENT=17;

--
-- AUTO_INCREMENT for table `client_table`
--
ALTER TABLE `client_table`
  MODIFY `client_id` int(225) NOT NULL AUTO_INCREMENT, AUTO_INCREMENT=12;

--
-- AUTO_INCREMENT for table `driver_table`
--
ALTER TABLE `driver_table`
  MODIFY `driver_id` int(6) NOT NULL AUTO_INCREMENT, AUTO_INCREMENT=2;

--
-- AUTO_INCREMENT for table `dumpsite_table`
--
ALTER TABLE `dumpsite_table`
  MODIFY `dump_id` int(11) NOT NULL AUTO_INCREMENT;

--
-- AUTO_INCREMENT for table `gps_location`
--
ALTER TABLE `gps_location`
  MODIFY `location_id` int(11) NOT NULL AUTO_INCREMENT, AUTO_INCREMENT=1754776506;

--
-- AUTO_INCREMENT for table `maintenance_table`
--
ALTER TABLE `maintenance_table`
  MODIFY `maintenance_id` int(11) NOT NULL AUTO_INCREMENT, AUTO_INCREMENT=17;

--
-- AUTO_INCREMENT for table `monthly_waste_table`
--
ALTER TABLE `monthly_waste_table`
  MODIFY `id` int(11) NOT NULL AUTO_INCREMENT;

--
-- AUTO_INCREMENT for table `past_events_log`
--
ALTER TABLE `past_events_log`
  MODIFY `log_id` int(11) NOT NULL AUTO_INCREMENT, AUTO_INCREMENT=6;

--
-- AUTO_INCREMENT for table `route_table`
--
ALTER TABLE `route_table`
  MODIFY `route_id` int(225) NOT NULL AUTO_INCREMENT, AUTO_INCREMENT=2;

--
-- AUTO_INCREMENT for table `schedule_table`
--
ALTER TABLE `schedule_table`
  MODIFY `schedule_id` int(11) NOT NULL AUTO_INCREMENT, AUTO_INCREMENT=50;

--
-- AUTO_INCREMENT for table `sensor`
--
ALTER TABLE `sensor`
  MODIFY `id` int(11) NOT NULL AUTO_INCREMENT, AUTO_INCREMENT=32;

--
-- AUTO_INCREMENT for table `service_assignment_table`
--
ALTER TABLE `service_assignment_table`
  MODIFY `service_ass_id` int(11) NOT NULL AUTO_INCREMENT, AUTO_INCREMENT=3;

--
-- AUTO_INCREMENT for table `service_schedules`
--
ALTER TABLE `service_schedules`
  MODIFY `id` int(11) NOT NULL AUTO_INCREMENT, AUTO_INCREMENT=17;

--
-- AUTO_INCREMENT for table `tracking_table`
--
ALTER TABLE `tracking_table`
  MODIFY `tracking_id` int(225) NOT NULL AUTO_INCREMENT;

--
-- AUTO_INCREMENT for table `waste_collection_table`
--
ALTER TABLE `waste_collection_table`
  MODIFY `waste_collection_id` int(11) NOT NULL AUTO_INCREMENT, AUTO_INCREMENT=26;

--
-- AUTO_INCREMENT for table `waste_management`
--
ALTER TABLE `waste_management`
  MODIFY `waste_management_id` int(11) NOT NULL AUTO_INCREMENT;

--
-- AUTO_INCREMENT for table `waste_service_table`
--
ALTER TABLE `waste_service_table`
  MODIFY `waste_service_id` int(6) NOT NULL AUTO_INCREMENT, AUTO_INCREMENT=2;
COMMIT;

/*!40101 SET CHARACTER_SET_CLIENT=@OLD_CHARACTER_SET_CLIENT */;
/*!40101 SET CHARACTER_SET_RESULTS=@OLD_CHARACTER_SET_RESULTS */;
/*!40101 SET COLLATION_CONNECTION=@OLD_COLLATION_CONNECTION */;
